tweet_id,hashtags,mentions,uppercase,nonalpha,urls,len,numbers,topic_id=0,topic_id=1,topic_id=2,topic_id=3,topic_id=4,topic_id=5,topic_id=6,topic_id=7,topic_id=8,topic_id=9,spam
11123,0,0,0.241379,0.52,1,2.366439,0,f,f,f,f,f,f,f,f,t,f,n
11415,0,0,0.310345,0.6,1,2.060137,0,f,f,t,f,f,f,f,f,f,f,n
13905,0,0,0.137931,0.24,0.5,1.332596,0,f,f,f,f,t,f,f,f,f,f,n
12734,0.333333,0,0.206897,0.76,1,2.101338,0,f,f,f,f,f,f,f,t,f,f,n
11161,0,0,0.310345,0.68,1,1.884502,0,f,f,t,f,f,f,f,f,f,f,y
13125,0,0,0.172414,0.44,0.5,1.960633,0.666667,f,f,f,f,t,f,f,f,f,f,n
13445,0,0,0.103448,0.44,0.5,1.960633,0,t,f,f,f,f,f,f,f,f,f,n
13852,0,0,0.068966,0.16,0.5,1.69004,0.666667,f,f,f,f,f,f,t,f,f,f,n
11614,0,0,0,0.32,0.5,1.640579,0,f,f,f,f,f,t,f,f,f,f,n
12649,0.333333,0,0.310345,0.72,1,2.080635,0,f,t,f,f,f,f,f,f,f,f,y
11154,0.333333,0,0.034483,0.32,0.5,1.793481,0.333333,f,f,f,f,t,f,f,f,f,f,n
12561,0,0,0.275862,0.64,1,2.101338,0,t,f,f,f,f,f,f,f,f,f,y
11845,0.333333,0,0.172414,0.44,0.5,2.486537,0,f,f,t,f,f,f,f,f,f,f,n
11106,0,0,0.37931,0.52,1,2.297182,0,f,t,f,f,f,f,f,f,f,f,n
13171,0,0,0.275862,0.64,0.5,2.252141,0.333333,f,f,f,f,f,f,f,f,t,f,y
13521,0,0,0.034483,0.16,0.5,1.576876,0,f,f,f,f,t,f,f,f,f,f,n
12256,0.666667,0,0.448276,0.88,1,2.343124,0,f,f,f,f,t,f,f,f,f,f,n
12011,0,0,0.241379,0.36,1,2.101338,0,f,f,f,f,f,f,f,t,f,f,n
12295,0,0,0.137931,0.64,1,2.03984,0.333333,f,f,f,f,f,f,f,t,f,f,y
12116,0.333333,0,0.413793,0.4,1,2.143363,0,f,f,f,f,t,f,f,f,f,f,n
11599,0,0,0.310345,0.4,1,2.486537,0,f,f,t,f,f,f,f,f,f,f,y
13007,0.333333,0,0.206897,0.32,0.5,2.46204,0,f,f,f,f,t,f,f,f,f,f,n
12038,0,0,0.137931,0.48,1,2.343124,0.333333,f,f,f,f,f,f,f,f,t,f,n
11794,0.333333,0,0.241379,0.44,1,1.624416,0,f,f,f,f,f,f,f,t,f,f,y
11492,0,0,0.62069,0.28,0.5,2.03984,0,f,t,f,f,f,f,f,f,f,f,n
12036,0.333333,0.5,0.551724,0.88,1,1.980142,0,f,f,f,t,f,f,f,f,f,f,y
11309,0,0,0.034483,0.2,0.5,1.72384,0,f,f,f,f,f,f,f,t,f,f,n
10989,0,0.5,0.206897,0.44,0.5,1.255737,0,f,f,f,f,f,f,f,f,t,f,n
11128,0,0,0.275862,0.4,1,2.437783,0,f,f,f,f,f,t,f,f,f,f,n
12784,0.333333,0,0.241379,0.52,1,2.207983,0.666667,f,f,f,f,f,f,f,f,t,f,n
12732,0.333333,0,0.344828,0.6,1,2.143363,0.666667,f,f,f,f,f,t,f,f,f,f,n
13459,0,0,0.103448,0.24,0.5,1.206977,0,f,t,f,f,f,f,f,f,f,f,n
10950,0,0,0.137931,0.28,0.5,1.0932,0.333333,f,f,f,f,f,f,f,t,f,f,n
11635,0,0,0.137931,0.32,0.5,1.400226,0,f,f,f,f,t,f,f,f,f,f,y
12342,0.333333,0,0.137931,0.24,0.5,1.656903,0,t,f,f,f,f,f,f,f,f,f,y
12825,0.333333,0,0.37931,0.52,1,2.03984,0.333333,f,f,f,f,t,f,f,f,f,f,n
11080,0.333333,0,0.482759,0.84,1,2.437783,0,f,f,f,f,t,f,f,f,f,f,n
13290,0,0,0.206897,0.28,0.5,1.847552,0.333333,f,f,f,f,f,f,f,t,f,f,n
13507,0,0,0.275862,0.24,0.5,1.758316,0,f,f,f,f,f,f,f,t,f,f,n
12578,0.333333,0,0.241379,0.8,1,2.252141,0,f,t,f,f,f,f,f,f,f,f,y
13137,0,0,0.068966,0.24,0.5,1.608412,0.333333,f,f,f,f,f,f,t,f,f,f,n
13066,0,0,0.137931,0.24,0.5,1.500713,0.666667,f,t,f,f,f,f,f,f,f,f,y
11890,0,0,0.241379,0.2,0.5,1.576876,0.666667,f,f,f,f,f,t,f,f,f,f,n
13182,0,0,0.068966,0.16,0.5,1.359247,0.333333,f,f,f,f,f,f,f,t,f,f,n
11817,0,0,0.448276,0.8,1,2.389985,0,f,f,f,f,f,t,f,f,f,f,n
12033,0.666667,0,0.482759,0.6,1,1.884502,0,f,f,f,f,f,f,f,t,f,f,y
13001,0.333333,0,0.103448,0.4,0.5,1.903253,0,f,f,f,f,f,f,f,t,f,f,n
11331,0,0,0.206897,0.44,1,1.865935,0,f,f,f,f,f,f,f,t,f,f,n
13935,0,0,0.103448,0.32,0.5,1.293596,0,f,f,f,f,f,f,f,t,f,f,n
11152,0,0,0.137931,0.4,0.5,1.758316,0,f,t,f,f,f,f,f,f,f,f,n
12967,0.333333,0,0.275862,0.64,0.5,2.46204,0.666667,f,f,f,f,f,f,f,t,f,f,n
11005,0,0,0.310345,0.32,1,2.101338,0,f,f,f,f,t,f,f,f,f,f,n
11656,0,0,0.241379,0.28,0.5,1.980142,0,f,f,f,f,f,t,f,f,f,f,n
11550,0.333333,1,0.241379,0.4,0,2.16469,0.333333,f,t,f,f,f,f,f,f,f,f,n
11511,0,0,0.241379,0.52,1,2.019743,0,f,f,t,f,f,f,f,f,f,f,n
12586,0,0,0.275862,0.48,1,2.101338,0,f,t,f,f,f,f,f,f,f,f,n
11117,0,0,0.103448,0.2,0.5,1.195086,0,f,t,f,f,f,f,f,f,f,f,n
13283,0,0,0.068966,0.36,0.5,1.500713,1,f,f,f,f,f,f,f,t,f,f,y
13055,0,0,0.103448,0.44,0.5,1.999844,0.666667,t,f,f,f,f,f,f,f,f,f,n
12801,0,0,0.551724,0.44,1,2.207983,0.333333,f,t,f,f,f,f,f,f,f,f,n
11660,0,0,0.275862,0.32,1,2.343124,0,f,f,t,f,f,f,f,f,f,f,n
12792,0.333333,0,0.275862,0.44,1,2.389985,0.333333,f,f,f,f,t,f,f,f,f,f,n
11298,0,0,0.034483,0.56,0.5,2.343124,0.666667,f,f,f,f,f,f,f,t,f,f,y
11279,0.333333,0,0.172414,0.12,0,1.515646,0,f,f,t,f,f,f,f,f,f,f,n
12925,0,0,0.344828,0.56,1,2.297182,0,f,f,f,f,f,f,f,f,t,f,n
12355,0.333333,0,0.275862,0.44,1,1.624416,0,f,t,f,f,f,f,f,f,f,f,n
12124,0,0,0.413793,0.56,1,2.437783,0,f,f,f,f,f,f,f,t,f,f,n
13720,0,0,0.275862,0.36,0.5,2.297182,0,f,f,f,f,t,f,f,f,f,f,n
11389,0,0,0.241379,0.64,1,2.58699,0.333333,f,f,f,f,f,f,f,t,f,f,n
12463,0,0,0.310345,0.56,1,1.999844,0,f,t,f,f,f,f,f,f,f,f,n
12490,0.333333,0,0.413793,0.56,1,2.27455,0,f,f,f,f,f,f,f,f,t,f,n
11570,0.333333,0,0.482759,0.32,0.5,1.865935,0,f,t,f,f,f,f,f,f,f,f,n
12094,0.333333,0.5,0.551724,1,1,2.101338,0,f,f,f,f,t,f,f,f,f,f,y
13819,0,0,0.241379,0.64,1,2.122247,0,f,f,f,f,t,f,f,f,f,f,n
12854,0,0,0.137931,0.72,1,2.320039,0.333333,f,f,f,f,f,f,f,t,f,f,n
12370,0.333333,0,0.068966,0.68,1,2.320039,0,f,f,f,f,f,f,f,t,f,f,n
12058,0.333333,0,0.482759,0.52,1,2.101338,0,f,t,f,f,f,f,f,f,f,f,n
12243,0,0,0.344828,0.44,1,1.999844,0.333333,f,f,f,f,f,f,f,t,f,f,y
13114,0,0,0.37931,0.28,0.5,1.960633,0.666667,f,f,f,f,t,f,f,f,f,f,n
11268,0,0,0.275862,0.48,1,2.486537,0.333333,f,f,f,f,f,f,f,t,f,f,n
12270,0.333333,0,0.137931,0.56,1,2.366439,0,f,f,t,f,f,f,f,f,f,f,y
11505,0,0,0.517241,0.2,0.5,1.903253,0,f,f,t,f,f,f,f,f,f,f,n
12251,0,0,0.206897,0.4,1,1.829349,0,f,f,f,f,f,f,f,t,f,f,n
12805,0.333333,0,0.413793,0.48,1,1.999844,0,f,f,f,f,t,f,f,f,f,f,n
11704,0.333333,0.5,0.344828,0.24,0,2.486537,0,f,t,f,f,f,f,f,f,f,f,n
12548,0.333333,0,0.275862,0.36,1,1.400226,0,f,f,f,f,f,f,f,t,f,f,y
11430,0.333333,0,0.206897,0.28,0.5,1.793481,0.333333,f,f,f,f,f,f,f,t,f,f,n
11983,0.333333,0,0.344828,0.72,1,2.080635,0,f,t,f,f,f,f,f,f,f,f,y
11766,0,0,0.310345,0.44,1,1.706857,0,f,f,f,t,f,f,f,f,f,f,n
11593,0,0,0.034483,0.36,0.5,1.793481,0.333333,f,f,f,f,t,f,f,f,f,f,n
12508,0,0.5,0.344828,0.44,1,1.471289,0,f,f,t,f,f,f,f,f,f,f,n
13002,0.333333,0,0.586207,0.52,0.5,2.320039,0,t,f,f,f,f,f,f,f,f,f,n
13065,0,0,0.137931,0.44,0.5,2.101338,1,f,f,f,f,t,f,f,f,f,f,n
10958,0,0.5,0.310345,0.32,0.5,1.69004,0,f,f,f,f,f,f,f,f,t,f,n
12890,0.333333,0,0.241379,0.48,0.5,2.143363,0,f,f,f,f,f,f,f,t,f,f,n
13764,0,0,0.344828,0.4,1,1.941316,0,f,f,t,f,f,f,f,f,f,f,n
13216,0,0,0.103448,0.28,0.5,2.03984,0,f,f,f,f,t,f,f,f,f,f,n
11133,0,0,0.034483,0.52,0.5,1.775811,0.333333,f,f,f,t,f,f,f,f,f,f,y
13680,0,0,0.137931,0.24,0.5,1.471289,0,f,f,f,f,f,f,f,f,f,t,n
13495,0,0,0.034483,0.32,0.5,1.640579,0.333333,f,f,f,f,f,f,f,t,f,f,n
13515,0,0,0.37931,0.48,1,2.186229,0,f,f,f,f,f,f,f,t,f,f,n
11186,0,0,0.206897,0.6,1,2.511279,0,f,f,f,f,t,f,f,f,f,f,n
12170,0.333333,0,0.37931,0.52,1,2.019743,0,f,f,f,f,t,f,f,f,f,f,n
13098,0,0,0.103448,0.24,0.5,1.903253,0.333333,f,f,f,f,t,f,f,f,f,f,n
12325,0,0,0.37931,0.56,1,1.69004,0,f,f,f,f,f,f,f,t,f,f,y
13892,0,0.5,0.172414,0.16,0.5,1.500713,0,f,t,f,f,f,f,f,f,f,f,n
12313,0.666667,0,0.206897,0.48,1,2.389985,0,f,f,f,f,f,f,t,f,f,f,n
12269,0.333333,0,0.551724,0.76,1,2.561503,0,f,f,f,f,t,f,f,f,f,f,n
11222,0.333333,0.5,0.068966,0.36,0.5,2.561503,0,f,f,f,f,t,f,f,f,f,f,n
11481,0,0,0.448276,0.64,1,1.656903,0,f,f,f,f,f,t,f,f,f,f,n
12090,0.666667,0,0.344828,0.88,1,2.343124,0,f,f,f,f,t,f,f,f,f,f,n
12420,0,0,0.37931,0.84,1,2.297182,0,f,f,t,f,f,f,f,f,f,f,n
11260,0.333333,0,0.172414,0.36,0.5,2.366439,0,f,f,t,f,f,f,f,f,f,f,n
12161,0.333333,0,0.172414,0.52,1,2.122247,0,f,f,f,t,f,f,f,f,f,f,n
13291,0,0,0.275862,0.56,0.5,1.515646,0.333333,t,f,f,f,f,f,f,f,f,f,y
11695,0,0,0.310345,0.32,0.5,1.847552,0,f,f,t,f,f,f,f,f,f,f,n
12341,0,0,0.413793,0.56,1,2.437783,0,f,f,f,f,f,f,f,t,f,f,n
12672,0.333333,0,0.275862,0.6,1,2.186229,0,f,t,f,f,f,f,f,f,f,f,n
13943,0,0,0.275862,0.16,0.5,1.485928,0,f,t,f,f,f,f,f,f,f,f,n
13172,0,0,0.137931,0.44,0.5,2.080635,0.666667,f,f,f,f,t,f,f,f,f,f,n
13152,0,0,0.103448,0.36,0.5,1.56134,0.333333,f,f,f,f,f,t,f,f,f,f,n
12458,0,0,0.310345,0.6,1,2.389985,0,t,f,f,f,f,f,f,f,f,f,y
12117,0,0,0.37931,0.56,1,2.511279,0,f,t,f,f,f,f,f,f,f,f,n
11935,0,0,0.034483,0.2,0.5,1.306467,0,t,f,f,f,f,f,f,f,f,f,n
13412,0,0,0.172414,0.28,0.5,1.960633,0,f,f,f,f,f,f,f,f,t,f,n
13361,0,0,0.103448,0.2,0.5,1.576876,0.666667,f,f,f,f,f,t,f,f,f,f,y
13708,0,0,0.275862,0.48,1,1.865935,0,f,f,t,f,f,f,f,f,f,f,n
13379,0,0,0.482759,0.48,0.5,2.080635,0.333333,t,f,f,f,f,f,f,f,f,f,n
12798,0,0,0.310345,0.56,1,2.252141,0.333333,f,f,f,f,f,t,f,f,f,f,n
12695,0,0,0.275862,0.48,1,1.72384,0,f,f,f,f,t,f,f,f,f,f,n
11144,0.333333,0,0.172414,0.44,1,1.485928,0,f,f,f,f,t,f,f,f,f,f,n
13072,0,0,0.310345,0.2,0.5,1.500713,0,f,f,f,f,f,f,f,t,f,f,y
11341,0,0,0.034483,0.24,0.5,1.793481,0,f,f,f,f,f,f,f,f,f,t,n
12696,0.333333,0,0.275862,0.56,1,2.186229,0,f,t,f,f,f,f,f,f,f,f,n
12468,0.333333,0,0.413793,0.44,1,1.980142,0,f,t,f,f,f,f,f,f,f,f,n
13148,0,0,0.206897,0.28,0.5,1.847552,0.333333,f,f,f,f,f,f,f,t,f,f,n
12741,0.333333,0,0.241379,0.44,1,2.143363,0,t,f,f,f,f,f,f,f,f,f,n
11090,0.333333,1,0.103448,0.28,0,1.775811,0,f,f,f,f,t,f,f,f,f,f,n
11125,0,0,0.103448,0.32,0.5,1.793481,0,f,t,f,f,f,f,f,f,f,f,n
11997,0,0,0.241379,0.4,1,2.229952,0.333333,f,f,f,f,f,f,f,t,f,f,y
12777,0,0,0.448276,0.64,1,2.019743,0.666667,t,f,f,f,f,f,f,f,f,f,y
13688,0,0,0.172414,0.28,0.5,2.229952,0,f,f,f,f,t,f,f,f,f,f,n
13616,0,0,0.103448,0.48,0.5,1.624416,0,f,f,f,f,f,f,f,t,f,f,n
11449,0.333333,1,0.103448,0.28,0,1.640579,1,f,t,f,f,f,f,f,f,f,f,n
13223,0,0,0.068966,0.56,0.5,2.389985,0,f,f,f,t,f,f,f,f,f,f,y
13260,0,0,0.068966,0.28,0.5,2.143363,0.666667,f,f,f,f,t,f,f,f,f,f,n
11360,0,0,0.241379,0.4,1,2.536266,0,f,f,f,f,f,f,f,f,f,t,n
13040,0.333333,0,0.275862,0.48,0.5,2.207983,0.666667,f,f,f,f,t,f,f,f,f,f,n
12892,0.333333,0,0.206897,0.64,0.5,2.16469,0,f,f,f,f,f,f,f,t,f,f,y
11518,0,0,0.413793,0.4,1,2.229952,0,f,f,f,f,f,t,f,f,f,f,n
13606,0,0,0.241379,0.48,0.5,1.811326,0,f,f,t,f,f,f,f,f,f,f,n
13566,0,0,0.137931,0.28,0.5,1.624416,0,f,f,f,f,t,f,f,f,f,f,n
12968,0.333333,0,0.206897,0.28,0.5,1.706857,0.666667,f,t,f,f,f,f,f,f,f,f,y
11236,0.333333,0,0.37931,0.6,1,2.122247,0.333333,f,t,f,f,f,f,f,f,f,f,n
12412,0.333333,0,0.310345,0.48,1,1.999844,0,f,f,f,f,t,f,f,f,f,f,n
11379,0,0.5,0.172414,0.48,0.5,2.019743,0.333333,f,f,f,f,f,t,f,f,f,f,n
12952,0,0,0.137931,0.68,0.5,2.486537,0.333333,f,f,f,t,f,f,f,f,f,f,y
11762,0,0,0.034483,0.2,0.5,1.345855,0,f,f,f,f,f,t,f,f,f,f,n
11077,0.333333,0,0.344828,0.6,0.5,1.811326,0.666667,f,f,f,f,t,f,f,f,f,f,n
12917,0.333333,0,0.275862,0.56,1,2.366439,0,f,f,t,f,f,f,f,f,f,f,n
13646,0,0,0.172414,0.48,0.5,1.592566,0,f,f,f,f,f,f,f,t,f,f,y
11574,0.333333,0,0.241379,0.32,0.5,1.980142,0,f,f,t,f,f,f,f,f,f,f,n
11513,0,0,0.241379,0.32,1,2.03984,0,f,t,f,f,f,f,f,f,f,f,n
13641,0,0,0.241379,0.12,0.5,1.69004,0,f,f,f,f,f,f,f,t,f,f,n
13668,0,0,0.206897,0.44,1,2.437783,0,t,f,f,f,f,f,f,f,f,f,n
13406,0,0,0.068966,0.12,0.5,1.195086,0,f,f,f,f,f,t,f,f,f,f,n
12334,0.666667,0,0.206897,0.4,1,2.366439,0,f,t,f,f,f,f,f,f,f,f,n
10967,0,1,0.344828,0.64,0.5,2.691501,0,f,t,f,f,f,f,f,f,f,f,n
11877,0,0,0.206897,0.52,0.5,2.143363,0,f,f,f,f,f,f,t,f,f,f,n
11129,0,0,0.137931,0.48,0.5,1.775811,0,f,t,f,f,f,f,f,f,f,f,n
13060,0,0,0.103448,0.12,0.5,1.656903,0.666667,f,f,f,f,f,f,f,f,t,f,n
11334,0,0,0.551724,0.48,1,1.72384,0.333333,f,f,t,f,f,f,f,f,f,f,n
13105,0.333333,0,0.172414,0.32,0.5,1.14868,0,f,f,f,f,f,f,f,t,f,f,n
13911,0,0,0.103448,0.12,0.5,1.624416,0,f,f,f,f,f,f,f,f,t,f,n
12837,0,0,0.172414,0.4,1,2.343124,0.333333,f,f,f,f,f,f,f,f,f,t,n
12775,0.333333,0,0.448276,0.44,1,2.46204,0.333333,f,f,f,f,t,f,f,f,f,f,n
13895,0,0,0.103448,0.36,0.5,1.545958,0,f,f,f,f,f,t,f,f,f,f,n
12461,0,0,0.37931,0.56,1,2.511279,0,f,t,f,f,f,f,f,f,f,f,n
13426,0,0,0.172414,0.72,0.5,2.536266,0,t,f,f,f,f,f,f,f,f,f,y
11044,0,0,0.137931,0.44,1,2.366439,0.333333,f,f,t,f,f,f,f,f,f,f,n
12543,0.333333,0,0.37931,0.6,1,2.612731,0,f,f,f,f,t,f,f,f,f,f,n
12419,0.333333,0,0.206897,0.8,1,2.252141,0,f,t,f,f,f,f,f,f,f,f,y
13780,0.333333,0,0.137931,0.32,0.5,1.243365,0,f,t,f,f,f,f,f,f,f,f,n
11136,0,0,0.172414,0.16,0.5,1.624416,0,f,f,t,f,f,f,f,f,f,f,n
13164,0,0,0.068966,0.28,0.5,1.471289,0.333333,f,t,f,f,f,f,f,f,f,f,n
12872,0.333333,0,0.206897,0.6,1,2.366439,0.333333,f,f,t,f,f,f,f,f,f,f,n
12413,0,0,0.37931,0.64,1,1.960633,0,t,f,f,f,f,f,f,f,f,f,y
12743,0.333333,0,0.310345,0.44,1,1.960633,0.666667,t,f,f,f,f,f,f,f,f,f,n
11912,0,0,0.206897,0.44,0.5,1.758316,0,t,f,f,f,f,f,f,f,f,f,n
12885,0.333333,0,0.137931,0.24,0.5,1.884502,0,f,f,f,f,f,f,f,t,f,f,n
13436,0,0,0.275862,0.36,0.5,1.775811,0,f,t,f,f,f,f,f,f,f,f,n
13559,0,0,0.172414,0.24,0.5,1.485928,0,f,f,f,f,t,f,f,f,f,f,n
10978,0,0,0.034483,0.12,0.5,1.72384,0,f,t,f,f,f,f,f,f,f,f,n
12749,0.333333,0,0.206897,0.52,1,2.186229,0.666667,f,f,f,t,f,f,f,f,f,f,n
12950,0,0,0.724138,0.36,1,2.080635,0.666667,f,f,f,f,f,f,t,f,f,f,n
12535,0.333333,0,0.344828,0.36,1,1.829349,0,t,f,f,f,f,f,f,f,f,f,n
11748,0,0,0.310345,0.32,1,1.515646,0,f,f,f,f,t,f,f,f,f,f,y
11485,0,0,0.137931,0.24,0.5,1.740993,0,f,f,f,f,f,f,f,t,f,f,n
13162,0,0,0.172414,0.28,0.5,1.999844,0.666667,f,f,f,f,f,f,f,f,t,f,n
11390,0,0,0.137931,0.24,0.5,1.372771,0,f,f,f,f,f,t,f,f,f,f,n
13296,0,0,0.034483,0.32,0.5,1.456793,0.333333,t,f,f,f,f,f,f,f,f,f,y
12645,0.333333,0,0.37931,0.52,1,2.16469,0.333333,f,f,f,f,t,f,f,f,f,f,n
13272,0,0,0.172414,0.72,0.5,2.561503,0.333333,t,f,f,f,f,f,f,f,f,f,y
13373,0,0,0.172414,0.24,0.5,1.545958,0.333333,f,f,f,f,f,f,f,t,f,f,n
13322,0,0,0.034483,0.44,0.5,1.359247,0.333333,t,f,f,f,f,f,f,f,f,f,n
11062,0,0,0.206897,0.24,0.5,1.656903,0,f,f,t,f,f,f,f,f,f,f,n
12975,0.333333,0,0.344828,0.8,0.5,2.664984,0.666667,f,f,f,f,f,f,t,f,f,f,y
11475,0.333333,1,0.103448,0.36,0,2.343124,0,f,t,f,f,f,f,f,f,f,f,n
11519,0,0.5,0.241379,0.52,0.5,2.561503,0,f,t,f,f,f,f,f,f,f,f,n
12999,0.333333,0,0.206897,0.16,0.5,1.829349,0,f,f,f,f,f,f,f,f,t,f,n
11975,0,0,0.344828,0.44,1,2.252141,0,f,t,f,f,f,f,f,f,f,f,n
13471,0,0,0.137931,0.16,0.5,1.280851,0,f,f,t,f,f,f,f,f,f,f,n
13719,0,0,0.689655,0.36,1,2.03984,0.333333,f,f,f,f,f,f,t,f,f,f,y
11741,0,0,0.172414,0.2,0.5,1.218987,0,f,f,t,f,f,f,f,f,f,f,y
12023,0.333333,0,0.344828,0.6,1,2.080635,0.333333,t,f,f,f,f,f,f,f,f,f,y
12538,0,0,0.37931,0.4,1,1.903253,0,f,f,f,f,f,f,t,f,f,f,n
12807,0,0,0.172414,0.44,1,1.656903,0.333333,f,f,t,f,f,f,f,f,f,f,y
10979,0,0,0.034483,0.36,0.5,1.530727,0.333333,f,f,f,f,f,f,f,f,f,t,n
11143,0,0,0.103448,0.12,0.5,1.268232,0,f,f,f,f,f,t,f,f,f,f,n
12327,0.333333,0,0.206897,0.56,1,2.252141,0,f,t,f,f,f,f,f,f,f,f,n
13923,0,0,0.275862,0.12,0.5,1.829349,0,f,f,t,f,f,f,f,f,f,f,n
12635,0,0,0.206897,0.48,1,1.999844,0,f,t,f,f,f,f,f,f,f,f,n
13233,0,0,0.137931,0.2,0.5,1.306467,0,f,f,t,f,f,f,f,f,f,f,n
11918,0,0,0.137931,0.2,0.5,1.414158,0,f,f,t,f,f,f,f,f,f,f,n
12530,0.333333,0,0.344828,0.8,1,2.320039,0,f,t,f,f,f,f,f,f,f,f,y
11392,0,0,0.206897,0.4,1,2.343124,0,f,f,f,f,f,t,f,f,f,f,n
13624,0,0,0.137931,0.28,0.5,1.500713,0,f,f,t,f,f,f,f,f,f,f,n
11195,0,0,0.37931,0.72,0.5,2.638728,0,f,f,f,f,f,t,f,f,f,f,y
13073,0,0,0.137931,0.68,0.5,1.847552,0.333333,f,f,f,f,f,f,f,t,f,f,y
13462,0,0,0.137931,0.16,0.5,1.306467,0,t,f,f,f,f,f,f,f,f,f,n
11667,0,0,0.586207,0.8,1,2.143363,0,f,f,f,f,f,t,f,f,f,f,n
11435,0,0.5,0.206897,0.4,0.5,2.437783,0,f,t,f,f,f,f,f,f,f,f,n
11427,0.333333,1,0.310345,0.68,0.5,2.413766,0,f,t,f,f,f,f,f,f,f,f,n
13399,0,0,0.172414,0.36,0.5,1.640579,0.333333,f,f,f,f,f,t,f,f,f,f,n
13077,0,0,0.068966,0.12,0.5,1.218987,0.666667,f,f,f,f,f,t,f,f,f,f,n
11589,0,0,0.275862,0.44,0.5,2.252141,0,f,t,f,f,f,f,f,f,f,f,n
13427,0,0,0.551724,0.16,0.5,1.608412,0.333333,f,f,f,f,f,f,t,f,f,f,y
11945,0,0,0.37931,0.4,1,1.656903,0,f,f,f,f,f,f,f,t,f,f,n
11397,0,0,0,0.2,0.5,1.576876,0,f,f,t,f,f,f,f,f,f,f,n
12819,0.333333,0,0.310345,0.6,1,2.297182,0.333333,f,f,f,f,f,f,f,f,t,f,n
11839,0,0,0.310345,0.24,0.5,1.740993,0,f,f,f,f,f,t,f,f,f,f,n
13201,0,0,0.172414,0.2,0.5,1.67339,0,f,f,f,f,t,f,f,f,f,f,n
11011,0,0,0.241379,0.32,1,1.69004,0,f,f,t,f,f,f,f,f,f,f,y
11764,0,0,0.172414,0.32,1,1.624416,0,f,t,f,f,f,f,f,f,f,f,n
12727,0.333333,0,0.275862,0.44,1,2.101338,0.333333,f,f,f,f,f,f,f,t,f,f,n
12780,0.333333,0,0.310345,0.56,1,2.297182,0.666667,f,t,f,f,f,f,f,f,f,f,n
11134,0.333333,0,0.206897,0.44,1,1.608412,0,f,f,f,f,t,f,f,f,f,f,n
13357,0,0,0.068966,0.28,0.5,1.345855,0.333333,f,f,f,f,f,f,f,t,f,f,n
12740,0.666667,0,0.310345,0.64,1,2.207983,0,f,t,f,f,f,f,f,f,f,f,n
12655,0.333333,0,0.344828,0.56,1,2.252141,0,f,t,f,f,f,f,f,f,f,f,n
12704,0.333333,0,0.37931,0.36,1,2.060137,0.333333,f,f,f,f,f,f,f,t,f,f,n
12502,0,0,0.275862,0.72,1,2.252141,0.333333,f,f,f,f,t,f,f,f,f,f,n
11567,0.333333,1,0.068966,0.36,0,2.019743,0.333333,f,f,f,f,t,f,f,f,f,f,n
13477,0,0,0.241379,0.44,0.5,2.186229,0,f,f,f,f,t,f,f,f,f,f,n
11204,0.333333,1,0.448276,0.12,0,2.486537,0,f,t,f,f,f,f,f,f,f,f,n
12365,0.333333,0,0.172414,0.64,0.5,2.186229,0,f,f,f,f,t,f,f,f,f,f,n
11814,0.333333,0,0.37931,0.52,1,2.060137,0,f,f,t,f,f,f,f,f,f,f,n
12408,0,0,0.275862,0.32,1,1.829349,0,t,f,f,f,f,f,f,f,f,f,y
10955,0,0,0.068966,0.52,1,1.92219,0,f,f,f,f,f,f,f,f,f,t,n
12974,0.333333,0,0.586207,0.52,0.5,2.366439,0.666667,t,f,f,f,f,f,f,f,f,f,n
13682,0,0,0.068966,0.12,0.5,1.515646,0,f,f,f,t,f,f,f,f,f,f,y
13552,0,0,0.241379,0.28,0.5,1.280851,0,f,t,f,f,f,f,f,f,f,f,n
11597,0,0,0.310345,0.4,1,1.980142,0,f,f,t,f,f,f,f,f,f,f,n
11690,0,0,0.068966,0.12,0.5,1.592566,0,f,f,f,f,f,f,f,f,f,t,y
11879,0,0,0.172414,0.28,0.5,1.656903,0,f,f,t,f,f,f,f,f,f,f,y
13266,0,0,0.068966,0.44,0.5,1.42823,0.333333,t,f,f,f,f,f,f,f,f,f,y
13839,0,0,0.034483,0.28,0.5,1.960633,0.333333,f,f,f,f,f,f,f,t,f,f,n
12520,0.333333,0,0.37931,0.48,1,2.27455,0,f,f,f,f,f,t,f,f,f,f,n
12647,0,0,0.413793,0.32,1,1.980142,0,t,f,f,f,f,f,f,f,f,f,n
12222,0,0,0.241379,0.4,1,1.903253,0,f,f,f,f,f,f,f,f,t,f,n
11165,0,0,0.275862,0.44,1,1.92219,0,f,f,f,f,t,f,f,f,f,f,n
12667,0,0,0.172414,0.44,1,2.207983,0,f,f,f,f,t,f,f,f,f,f,n
11049,0,0,0.172414,0.44,0.5,1.400226,0.333333,f,f,t,f,f,f,f,f,f,f,n
11426,0,0,0.068966,0.32,0.5,1.471289,0,f,f,f,f,t,f,f,f,f,f,n
12815,0.333333,0,0.413793,0.4,1,2.16469,0.333333,f,f,f,f,t,f,f,f,f,f,n
11753,0,0,0.517241,0.48,1,2.511279,0,f,f,t,f,f,f,f,f,f,f,n
11672,0,0,0.206897,0.4,1,1.829349,0.333333,f,f,f,t,f,f,f,f,f,f,n
13156,0,0,0.068966,0.24,0.5,2.143363,0,f,t,f,f,f,f,f,f,f,f,n
12185,0.666667,0,0.241379,0.52,0.5,2.101338,0,f,f,f,f,f,f,f,f,f,t,n
12646,0.333333,0,0.310345,0.4,1,2.297182,0,f,f,f,f,t,f,f,f,f,f,n
10991,0,0,0.310345,0.48,1,1.92219,0.333333,f,f,f,f,f,t,f,f,f,f,n
12630,0,0,0.206897,0.44,1,2.122247,0.333333,f,f,f,f,f,f,t,f,f,f,y
11903,0,0,0.172414,0.12,0.5,1.359247,0,f,f,t,f,f,f,f,f,f,f,n
11079,0,0,0.275862,0.4,0.5,1.42823,0,f,f,f,f,f,t,f,f,f,f,n
13254,0,0,0.068966,0.36,0.5,1.500713,1,f,f,f,f,f,f,f,t,f,f,y
12479,0,0,0.344828,0.56,1,2.437783,0,f,f,f,f,f,f,f,t,f,f,n
10980,0,0.5,0.310345,0.32,0.5,1.793481,0,f,f,t,f,f,f,f,f,f,f,n
13401,0,0,0.137931,0.68,0.5,1.847552,0.333333,f,f,f,f,f,f,f,t,f,f,y
11809,0.333333,0.5,0.275862,0.68,1,2.413766,0.333333,f,f,f,f,f,f,f,t,f,f,y
11317,0,0,0.137931,0.2,0.5,1.999844,0,f,f,f,f,f,f,f,f,f,t,n
13311,0,0,0.172414,0.6,0.5,1.960633,0.333333,t,f,f,f,f,f,f,f,f,f,y
11826,0,0,0.241379,0.48,1,2.366439,0,f,f,t,f,f,f,f,f,f,f,n
12776,0.333333,0,0.37931,0.68,1,2.437783,0.666667,f,f,f,f,f,t,f,f,f,f,n
12108,0,0,0.206897,0.56,1,2.297182,0,f,f,f,f,f,f,f,f,t,f,n
12513,0,0,0.37931,0.56,1,1.656903,0,f,f,f,f,f,t,f,f,f,f,n
13456,0,0,0.137931,0.12,0.5,1.656903,0.666667,f,f,f,f,f,f,t,f,f,f,n
13887,0,0,0.275862,0.28,0.5,2.297182,0.666667,t,f,f,f,f,f,f,f,f,f,n
13155,0,0,0.206897,0.2,0.5,1.515646,0.333333,f,f,f,f,f,f,t,f,f,f,n
13405,0,0,0.137931,0.32,0.5,1.656903,0,t,f,f,f,f,f,f,f,f,f,n
13013,0.333333,0,0.241379,0.48,0.5,2.297182,0,f,f,f,f,t,f,f,f,f,f,n
12289,0,0,0.344828,0.4,1,2.080635,0,f,f,t,f,f,f,f,f,f,f,n
13728,0,0,0.241379,0.56,1,1.865935,0,t,f,f,f,f,f,f,f,f,f,n
12067,0,0,0.37931,0.84,1,2.297182,0,f,f,t,f,f,f,f,f,f,f,n
11889,0,0,0.206897,0.12,0.5,1.624416,0,f,f,f,f,t,f,f,f,f,f,n
11290,0,0,0.586207,0.64,0.5,2.46204,0,f,f,f,f,f,t,f,f,f,f,n
11803,0,0,0.068966,0.68,0.5,2.229952,0,f,f,f,f,f,f,f,f,f,t,n
12608,0.333333,0,0.206897,0.44,1,1.903253,0,f,t,f,f,f,f,f,f,f,f,n
11678,0,0,0.448276,0.56,1,2.536266,0,f,f,f,f,f,f,f,f,f,t,n
13225,0,0,0.068966,0.28,0.5,1.471289,0.333333,f,t,f,f,f,f,f,f,f,f,n
12160,0,0,0.448276,0.64,1,2.27455,0,f,t,f,f,f,f,f,f,f,f,n
12060,0,0,0.310345,0.32,1,1.829349,0,t,f,f,f,f,f,f,f,f,f,y
12532,0.666667,0,0.241379,0.48,1,1.960633,0,f,f,f,f,f,f,f,f,f,t,n
11070,0,0,0.103448,0.16,0.5,1.485928,0,f,f,f,t,f,f,f,f,f,f,n
12978,0.333333,0,0.482759,0.32,0.5,2.437783,0.666667,f,f,f,f,f,f,f,t,f,f,n
13891,0,0,0.241379,0.28,0.5,1.72384,0,f,f,f,f,f,f,f,f,t,f,n
11051,0,0,0.137931,0.32,1,2.207983,0,f,f,f,f,t,f,f,f,f,f,n
12524,0.333333,0,0.241379,0.52,1,2.16469,0,f,f,f,f,f,f,f,f,t,f,n
13659,0,0,0.275862,0.48,1,2.437783,0.333333,f,f,f,f,t,f,f,f,f,f,n
12709,1,0,0.344828,0.64,1,2.186229,0.666667,f,t,f,f,f,f,f,f,f,f,n
11235,0.333333,0,0.482759,0.52,1,2.437783,0,f,f,f,f,f,f,f,f,t,f,n
11501,0,0,0.068966,0.24,0.5,1.206977,0,f,f,t,f,f,f,f,f,f,f,y
13318,0,0,0.068966,0.28,0.5,2.122247,0.333333,f,f,f,f,t,f,f,f,f,f,n
12941,0.333333,0,0.275862,0.24,0.5,1.624416,0,f,f,f,f,f,f,f,f,t,f,n
11061,0,0,0.034483,0.28,0.5,1.456793,0,f,f,f,f,f,t,f,f,f,f,n
13561,0,0,0.655172,0.36,1,2.03984,0.333333,f,f,f,f,f,f,t,f,f,f,y
13609,0,0,0.206897,0.32,0.5,1.740993,0,f,f,f,f,f,f,f,f,t,f,n
12961,0,0,0.241379,0.32,1,1.884502,0,f,f,t,f,f,f,f,f,f,f,n
13080,0,0,0.206897,0.72,0.5,2.207983,0.333333,f,f,f,f,f,f,f,t,f,f,n
12614,0.333333,0,0.448276,0.56,1,1.941316,0.333333,f,f,f,f,f,f,f,t,f,f,n
13797,0,0,0.275862,0.2,0.5,1.72384,0,f,f,f,f,f,f,f,t,f,f,n
13815,0,0,0.172414,0.84,1,2.612731,0,f,f,f,f,f,f,f,t,f,f,n
13364,0,0,0.137931,0.28,0.5,1.400226,0.333333,f,t,f,f,f,f,f,f,f,f,y
12910,0,0,0.344828,0.56,1,2.46204,0.333333,f,f,f,f,f,f,f,t,f,f,n
12132,0,0,0.172414,0.48,1,1.999844,0,f,t,f,f,f,f,f,f,f,f,n
12232,0,0,0.37931,0.64,1,1.960633,0,t,f,f,f,f,f,f,f,f,f,y
12545,0.666667,0,0.517241,0.6,1,1.884502,0,f,f,f,f,f,f,f,t,f,f,y
13565,0,0,0.172414,0.32,0.5,1.829349,0,f,f,f,f,t,f,f,f,f,f,n
11784,0,0,0.413793,0.64,1,2.46204,0,f,f,t,f,f,f,f,f,f,f,n
12899,0,0,0.344828,0.56,1,2.122247,0,f,f,f,f,f,f,f,f,t,f,n
13106,0,0,0.241379,0.76,0.5,2.366439,0.666667,f,f,f,f,f,f,t,f,f,f,y
12848,0,0,0.413793,0.72,1,2.229952,0.666667,f,f,f,f,f,f,f,f,t,f,n
12055,0.666667,0,0.310345,0.4,0.5,1.999844,0,f,f,f,f,f,f,f,f,f,t,n
13220,0,0,0.172414,0.28,0.5,1.980142,0.333333,f,f,f,f,f,f,f,f,t,f,n
12357,0,0,0.37931,0.56,1,1.69004,0,f,f,f,f,f,f,f,t,f,f,y
11979,0.333333,0,0.241379,0.56,1,1.941316,0,t,f,f,f,f,f,f,f,f,f,y
13620,0,0,0.275862,0.48,1,1.640579,0,f,t,f,f,f,f,f,f,f,f,y
13523,0,0,0.241379,0.48,1,2.320039,0,t,f,f,f,f,f,f,f,f,f,y
13924,0,0,0.068966,0.2,0.5,1.530727,0,f,f,f,f,f,f,f,t,f,f,n
13711,0,0,0.310345,0.44,1,1.865935,0,f,f,f,f,f,f,f,f,f,t,n
13365,0,0,0.172414,0.6,0.5,1.960633,0.333333,t,f,f,f,f,f,f,f,f,f,n
13918,0,0.5,0.551724,0.72,1,2.413766,1,t,f,f,f,f,f,f,f,f,f,y
12291,0.333333,0,0.482759,0.6,1,2.343124,0,t,f,f,f,f,f,f,f,f,f,n
13368,0,0,0.241379,0.76,0.5,2.019743,0.333333,f,f,f,f,f,f,f,f,f,t,n
13417,0,0,0.137931,0.44,0.5,1.793481,0,f,f,f,f,t,f,f,f,f,f,n
12979,0.333333,0,0.206897,0.28,0.5,2.186229,0.666667,f,f,f,f,t,f,f,f,f,f,n
11982,0.333333,0,0.448276,0.6,1,2.186229,0.333333,t,f,f,f,f,f,f,f,f,f,n
11604,0,0,0.482759,0.44,1,2.320039,0,f,f,t,f,f,f,f,f,f,f,n
13666,0,0,0.344828,0.48,0.5,1.72384,0,f,f,f,f,f,f,f,t,f,f,n
13825,0,0,0.172414,0.48,1,2.437783,0.333333,f,f,f,f,t,f,f,f,f,f,n
11850,0.333333,0,0.206897,0.44,0.5,2.252141,0,f,f,t,f,f,f,f,f,f,f,n
13195,0,0,0.275862,0.6,0.5,1.67339,0,t,f,f,f,f,f,f,f,f,f,y
11710,0,0,0.034483,0.44,0.5,1.319467,0,f,f,f,f,f,f,f,f,f,t,n
12144,0.666667,0,0.275862,0.48,1,2.389985,0,f,f,f,f,f,f,t,f,f,f,n
11371,0,0,0.241379,0.32,1,1.72384,0,f,f,t,f,f,f,f,f,f,f,n
12519,0.333333,0,0.172414,0.64,0.5,2.16469,0,f,f,f,f,f,f,f,t,f,f,n
11069,0.333333,1,0.344828,0.44,0,2.691501,0.333333,f,f,f,f,t,f,f,f,f,f,n
12358,0,0,0.241379,0.4,1,1.740993,0.666667,t,f,f,f,f,f,f,f,f,f,y
13517,0,0,0.448276,0.64,1,2.019743,0,f,f,t,f,f,f,f,f,f,f,n
13727,0,0,0.413793,0.36,1,2.186229,0,f,t,f,f,f,f,f,f,f,f,n
11378,0,1,0.137931,0.44,0,2.366439,0.333333,f,f,f,f,f,t,f,f,f,f,n
13791,0,0,0.62069,0.44,1,2.366439,0,f,f,f,f,t,f,f,f,f,f,n
12808,0.333333,0,0.413793,0.56,1,2.060137,0.333333,f,f,t,f,f,f,f,f,f,f,n
12657,0,0,0.37931,0.92,1,2.691501,1,f,f,f,f,f,f,f,t,f,f,n
11425,0,0,0.172414,0.2,0.5,1.56134,0,t,f,f,f,f,f,f,f,f,f,n
11977,0.333333,0,0.37931,0.52,1,2.16469,0.333333,f,f,f,f,t,f,f,f,f,f,n
11225,0,0,0.344828,0.32,0.5,2.343124,0,f,f,f,f,f,t,f,f,f,f,n
11214,0,0,0.310345,0.32,1,1.92219,0,f,f,t,f,f,f,f,f,f,f,n
12114,0,0,0.448276,0.32,1,1.92219,0.333333,f,f,f,f,f,f,f,f,f,t,n
11081,0,1,0.206897,0.64,0.5,2.186229,0,f,f,f,f,t,f,f,f,f,f,n
12638,0,0,0.275862,0.44,1,2.252141,0,f,t,f,f,f,f,f,f,f,f,n
12131,0,0,0.37931,0.44,1,2.252141,0,f,t,f,f,f,f,f,f,f,f,n
11060,0,0,0.103448,0.28,0.5,1.195086,0,f,f,f,f,f,t,f,f,f,f,n
12123,0,0,0.275862,0.56,1,2.297182,0,f,f,f,f,f,f,f,t,f,f,n
12416,0,0,0.37931,0.32,1,1.793481,0,f,f,t,f,f,f,f,f,f,f,n
13362,0,0,0.172414,0.12,0.5,1.442441,0.333333,f,f,t,f,f,f,f,f,f,f,n
11442,0.333333,1,0.137931,0.56,0,2.207983,0.666667,f,t,f,f,f,f,f,f,f,f,n
12585,0,0,0.344828,0.44,1,1.999844,0.333333,f,f,f,f,f,f,f,t,f,f,y
11459,0,0.5,0.241379,0.8,0.5,2.718282,0,f,t,f,f,f,f,f,f,f,f,n
13707,0,0,0.172414,0.64,0.5,2.320039,0,f,t,f,f,f,f,f,f,f,f,y
11365,0.333333,0.5,0.137931,0.36,0,2.664984,0,f,f,f,f,t,f,f,f,f,f,n
12168,0,0.5,0.310345,0.44,1,1.471289,0,f,f,t,f,f,f,f,f,f,f,n
12529,0,0,0.206897,0.56,1,2.229952,0,f,f,f,f,f,t,f,f,f,f,y
11713,0,0,0.206897,0.36,0.5,1.500713,0,f,f,f,f,f,t,f,f,f,f,n
11296,0,0,0.448276,0.76,1,2.122247,0.333333,f,t,f,f,f,f,f,f,f,f,n
13359,0,0,0.241379,0.2,0.5,1.67339,0,t,f,f,f,f,f,f,f,f,f,n
13422,0,0,0.103448,0.24,0.5,1.471289,0,f,t,f,f,f,f,f,f,f,f,y
12472,0,0,0.241379,0.44,1,2.122247,0.333333,f,f,f,f,f,f,t,f,f,f,n
12687,0.333333,0,0.241379,0.52,1,2.16469,0,f,f,f,f,f,f,f,f,t,f,n
12568,0.333333,0,0.37931,0.56,1,2.389985,0,f,f,f,f,t,f,f,f,f,f,n
13665,0.333333,0,0.137931,0.32,0.5,1.243365,0,f,t,f,f,f,f,f,f,f,f,n
11864,0,0,0.206897,0.32,0.5,1.306467,0,f,f,t,f,f,f,f,f,f,f,n
11429,0,0,0.068966,0.32,0.5,1.576876,0,f,f,t,f,f,f,f,f,f,f,n
12495,0,0,0.344828,0.72,1,2.080635,0,f,f,f,f,f,f,f,t,f,f,n
11625,0.333333,1,0.275862,0.44,0,2.691501,0,f,t,f,f,f,f,f,f,f,f,n
12156,0,0,0.37931,0.92,1,2.691501,1,f,f,f,f,f,f,f,t,f,f,n
11205,0,0,0.37931,0.44,1,2.366439,0,f,f,f,f,f,t,f,f,f,f,n
13485,0,0,0.275862,0.32,0.5,1.624416,0,f,f,f,f,t,f,f,f,f,f,n
12259,0,0,0.241379,0.56,1,2.080635,0,f,f,f,f,f,f,t,f,f,f,n
11543,0.333333,1,0.206897,0.44,0,2.536266,0.333333,f,f,t,f,f,f,f,f,f,f,n
12329,0,0,0.275862,0.72,1,2.080635,0,f,f,f,f,f,f,f,t,f,f,n
13608,0,0,0.137931,0.48,0.5,2.252141,0.333333,f,f,f,f,f,f,f,t,f,f,y
13738,0,0,0.586207,0.44,1,2.486537,0.333333,f,f,t,f,f,f,f,f,f,f,n
11834,0.333333,0.5,0.37931,0.64,0.5,2.511279,0.333333,f,f,t,f,f,f,f,f,f,f,y
13258,0,0,0.137931,0.24,0.5,1.485928,0.333333,f,t,f,f,f,f,f,f,f,f,y
13109,0,0,0.068966,0.32,0.5,1.306467,0.333333,f,f,f,f,f,f,f,t,f,f,n
13600,0,0,0.206897,0.36,0.5,1.740993,0,t,f,f,f,f,f,f,f,f,f,y
11019,0,0,0.137931,0.64,1,2.03984,0,f,f,f,f,f,f,f,t,f,f,n
12254,0.333333,0,0.241379,0.72,1,2.638728,0,f,f,t,f,f,f,f,f,f,f,y
11353,0.666667,0.5,0.551724,0.48,0.5,2.343124,0,f,t,f,f,f,f,f,f,f,f,n
11293,0,0,0.206897,0.4,1,1.999844,0,t,f,f,f,f,f,f,f,f,f,n
12383,0,0,0.103448,0.4,1,2.27455,0,f,t,f,f,f,f,f,f,f,f,n
13407,0,0,0.137931,0.16,0.5,1.811326,0.666667,f,f,f,f,f,f,t,f,f,f,y
13541,0,0,0.413793,0.44,1,1.941316,0,f,f,f,f,f,f,f,t,f,f,n
12179,0.333333,0,0.344828,0.64,1,1.72384,0,f,f,f,f,f,t,f,f,f,f,n
13382,0,0,0.172414,0.28,0.5,2.101338,0.333333,f,f,t,f,f,f,f,f,f,f,n
12361,0.333333,0,0.241379,0.52,1,2.16469,0,f,f,f,f,f,f,f,f,t,f,n
10990,0.333333,0.5,0.448276,0.64,0.5,2.511279,0,f,f,f,f,f,t,f,f,f,f,n
12182,0,0,0.482759,0.48,1,1.793481,0,f,t,f,f,f,f,f,f,f,f,n
11994,0,0,0.275862,0.44,1,2.46204,0,f,t,f,f,f,f,f,f,f,f,n
11438,0,0,0.172414,0.28,0.5,1.414158,0,f,f,f,f,f,t,f,f,f,f,n
10969,0,0,0.137931,0.32,1,1.42823,0.333333,f,f,f,f,f,f,t,f,f,f,n
12444,0.333333,0,0.310345,0.48,1,2.16469,0,f,f,f,f,f,f,t,f,f,f,y
11257,0,0,0.275862,0.44,1,1.941316,0,f,f,f,f,f,f,f,f,f,t,n
13209,0,0,0.137931,0.24,0.5,1.471289,0,f,t,f,f,f,f,f,f,f,f,y
13755,0,0,0.137931,0.72,0.5,2.511279,0,f,f,f,t,f,f,f,f,f,f,y
12262,0,0,0.068966,0.4,1,1.706857,0,t,f,f,f,f,f,f,f,f,f,n
13751,0,0,0.206897,0.12,0.5,1.56134,0,f,f,t,f,f,f,f,f,f,f,y
10964,0,0.5,0.172414,0.24,0.5,1.706857,0,f,f,t,f,f,f,f,f,f,f,n
12783,0,0,0.413793,0.36,1,2.16469,0.666667,f,f,f,f,f,f,f,t,f,f,n
11795,0,0.5,0.344828,0.56,1,2.143363,0,f,f,f,f,f,f,f,t,f,f,n
11284,0,0,0.172414,0,0,1.624416,0,f,f,t,f,f,f,f,f,f,f,n
11319,0,0.5,0.37931,0.4,0.5,1.793481,0,f,f,t,f,f,f,f,f,f,f,n
13547,0,0,0.137931,0.32,0.5,2.019743,0.333333,f,f,f,f,t,f,f,f,f,f,n
13910,0,0,0.448276,0.24,0.5,1.865935,0,f,f,f,f,t,f,f,f,f,f,n
11254,0,0,0.310345,0.4,1,2.297182,0,f,f,f,f,f,f,f,t,f,f,n
11680,0,0,0.482759,0.32,0.5,2.16469,0,f,t,f,f,f,f,f,f,f,f,n
13508,0,0,0.241379,0.4,1,1.500713,0,f,t,f,f,f,f,f,f,f,f,n
11043,0,0,0.137931,0.32,0.5,1.171653,0,f,f,f,f,f,t,f,f,f,f,n
11542,0.333333,1,0.275862,0.36,0,2.16469,0.333333,f,t,f,f,f,f,f,f,f,f,n
11717,0,0,0.586207,0.32,0.5,1.865935,0,f,f,f,f,f,t,f,f,f,f,n
13366,0,0,0.827586,0.56,0.5,2.437783,0.666667,f,f,f,f,f,f,t,f,f,f,n
13305,0,0,0.172414,0.32,0.5,1.592566,0.333333,t,f,f,f,f,f,f,f,f,f,y
12165,0,0,0.241379,0.52,1,2.019743,0.666667,f,f,f,f,f,f,f,t,f,f,y
13592,0,0,0.137931,0.12,0.5,1.608412,0,f,f,t,f,f,f,f,f,f,f,n
12674,0.333333,0,0.37931,0.52,1,2.019743,0,f,f,f,f,t,f,f,f,f,f,n
12275,0.333333,0,0.172414,0.56,1,1.829349,0,f,f,f,f,f,f,f,t,f,f,n
13234,0,0,0.275862,0.6,0.5,1.69004,0.333333,t,f,f,f,f,f,f,f,f,f,y
11586,0,0,0.137931,0.12,0.5,1.500713,0,f,f,t,f,f,f,f,f,f,f,n
11168,0.333333,0,0.344828,0.76,1,2.27455,0,f,f,f,f,t,f,f,f,f,f,n
12765,0.333333,0,0.344828,0.56,1,1.775811,0.666667,f,f,f,f,f,f,f,f,f,t,y
13108,0,0,0.068966,0.2,0.5,1.576876,1,f,f,f,f,f,f,f,t,f,f,n
11472,0,0,0.206897,0.2,0.5,1.280851,0,f,f,f,f,f,f,f,f,f,t,n
12169,0.333333,0,0.37931,0.48,1,2.27455,0,f,f,f,f,f,t,f,f,f,f,n
12217,0.666667,0,0.413793,0.44,1,2.297182,0,f,f,f,f,t,f,f,f,f,f,n
11283,0.333333,0,0.172414,0.08,0,1.137364,0,f,f,t,f,f,f,f,f,f,f,n
12045,0.333333,0,0.310345,0.44,1,2.366439,0,f,f,f,f,t,f,f,f,f,f,n
11720,0,0,0.586207,0.4,0.5,2.297182,0,f,f,f,f,f,t,f,f,f,f,n
11727,0,0,0.37931,0.4,0.5,1.386431,0,t,f,f,f,f,f,f,f,f,f,y
12203,0,0,0.137931,0.4,1,2.27455,0,f,t,f,f,f,f,f,f,f,f,n
12402,0.333333,0,0.448276,0.56,1,2.03984,0,f,f,t,f,f,f,f,f,f,f,n
13684,0,0,0.137931,0.76,0.5,1.545958,0,f,f,f,f,f,f,f,f,f,t,n
13617,0.333333,0,0.275862,0.32,0.5,1.530727,0,f,f,f,f,f,f,f,f,t,f,n
13396,0.333333,0,0.275862,0.44,0.5,1.941316,0,f,f,t,f,f,f,f,f,f,f,n
12216,0,0,0.241379,0.4,1,1.847552,0,f,f,f,f,t,f,f,f,f,f,n
11356,0,0,0.241379,0.28,0.5,1.255737,0,f,f,f,f,f,t,f,f,f,f,n
13390,0,0,0.068966,0.32,0.5,1.306467,0.333333,f,f,f,f,f,f,f,t,f,f,n
13705,0,0,0.37931,0.96,1,2.536266,0,f,f,f,f,f,f,f,f,f,t,n
12544,0.333333,0,0.310345,0.56,1,2.252141,0.333333,f,f,f,t,f,f,f,f,f,f,n
12194,0,0,0.206897,0.44,1,2.207983,0,f,f,f,f,t,f,f,f,f,f,n
12473,0.333333,0,0.344828,0.52,1,2.437783,0,f,f,f,f,f,f,f,f,t,f,n
11895,0,0,0.172414,0.24,0.5,1.592566,0,f,t,f,f,f,f,f,f,f,f,n
13143,0,0,0.137931,0.12,0.5,1.999844,0.333333,f,f,f,f,t,f,f,f,f,f,n
13567,0,0,0.62069,0.48,1,2.437783,0.333333,f,f,f,f,t,f,f,f,f,f,n
12072,0,0,0.137931,0.76,1,2.46204,0,f,f,t,f,f,f,f,f,f,f,n
11453,0.333333,0.5,0.37931,0.52,0.5,2.58699,0,f,t,f,f,f,f,f,f,f,f,n
11984,0,0,0.172414,0.48,1,1.592566,0.333333,f,f,f,f,f,f,f,t,f,f,y
12797,0.333333,0,0.241379,0.44,1,1.92219,0.333333,f,t,f,f,f,f,f,f,f,f,n
11865,0,0,0.103448,0.48,0.5,1.608412,0,f,f,f,f,f,f,f,f,f,t,n
11709,0,1,0.241379,0.56,0.5,2.612731,0,f,f,f,f,f,f,f,f,t,f,n
13144,0,0,0.103448,0.32,0.5,1.758316,0.333333,f,f,f,f,t,f,f,f,f,f,y
13759,0,0,0.310345,0.52,1,1.640579,0,f,f,f,f,f,f,f,t,f,f,n
11896,0,0,0.137931,0.28,0.5,1.758316,0,f,f,t,f,f,f,f,f,f,f,y
11213,0,0.5,0.206897,0.64,0.5,2.664984,0,f,f,t,f,f,f,f,f,f,f,y
11258,0,0,0.241379,0.48,0.5,2.389985,0,f,t,f,f,f,f,f,f,f,f,n
13734,0,0,0.413793,0.4,1,1.775811,0,f,t,f,f,f,f,f,f,f,f,n
11694,0,0,0.172414,0.4,0.5,1.608412,0,f,f,t,f,f,f,f,f,f,f,n
13882,0,0,0.172414,0.72,0.5,1.999844,0.333333,t,f,f,f,f,f,f,f,f,f,y
13388,0,0,0.206897,0.96,0.5,2.320039,0.333333,t,f,f,f,f,f,f,f,f,f,y
13008,0.333333,0,0.344828,0.8,0.5,2.58699,0,f,f,f,f,f,f,t,f,f,f,y
13160,0,0,0.103448,0.32,0.5,1.576876,0.666667,f,f,f,f,f,f,f,t,f,f,y
12560,0.333333,0,0.413793,0.52,1,1.793481,0,t,f,f,f,f,f,f,f,f,f,n
11380,0,1,0.137931,0.64,0,2.511279,1,f,f,f,f,f,t,f,f,f,f,n
13464,0,0,0.206897,1,0.5,2.343124,0,t,f,f,f,f,f,f,f,f,f,y
12435,0.666667,0,0.310345,0.88,1,2.343124,0,f,f,f,f,t,f,f,f,f,f,n
12878,0,0,0.172414,0.48,1,2.320039,0.333333,f,f,f,f,t,f,f,f,f,f,n
11693,0,0,0.172414,0.36,0.5,1.545958,0,f,f,t,f,f,f,f,f,f,f,n
13191,0,0,0.172414,0.36,0.5,1.576876,0,f,f,f,f,f,f,f,t,f,f,n
11126,0,0,0.206897,0.24,0.5,1.960633,0,f,f,f,f,f,t,f,f,f,f,n
13844,0,0,0.241379,0.12,0.5,1.56134,0,f,f,t,f,f,f,f,f,f,f,n
11747,0,0,0.241379,0.52,1,2.536266,0,f,f,t,f,f,f,f,f,f,f,y
12400,0.333333,0,0.344828,0.6,1,1.960633,0,f,f,f,f,t,f,f,f,f,f,n
13752,0,0,0.275862,0.44,1,1.941316,0,f,f,f,f,f,f,f,t,f,f,n
12855,0.333333,0,0.275862,0.44,1,2.019743,0.333333,f,f,f,f,t,f,f,f,f,f,n
12746,0,0,0.344828,0.48,1,2.16469,0.666667,f,f,f,f,f,f,f,f,f,t,n
12377,0.333333,0,0.37931,0.36,1,1.829349,0,t,f,f,f,f,f,f,f,f,f,n
12767,0,0,0.344828,0.32,1,1.884502,0.666667,t,f,f,f,f,f,f,f,f,f,y
10973,0,0.5,0.344828,0.36,0.5,1.268232,0,f,f,f,f,f,t,f,f,f,f,n
12665,0,0,0.413793,0.48,1,1.793481,0,f,f,f,f,t,f,f,f,f,f,n
13455,0,0,0.172414,0.4,0.5,1.865935,0,f,f,f,f,f,f,f,t,f,f,n
11658,0,0.5,0.172414,0.28,0.5,2.122247,0,f,f,f,t,f,f,f,f,f,f,n
12264,0,0,0.206897,0.4,1,2.060137,0.666667,f,f,f,f,f,f,f,f,t,f,y
13813,0,0.5,0.310345,0.36,1,1.903253,0,f,t,f,f,f,f,f,f,f,f,n
11292,0,0,0.137931,0.44,1,1.999844,0.333333,f,f,f,f,f,f,f,t,f,f,n
11040,0,0,0.172414,0.28,0.5,1.471289,0,f,f,t,f,f,f,f,f,f,f,y
12653,0.333333,0,0.172414,0.52,1,2.229952,0.666667,f,f,t,f,f,f,f,f,f,f,n
11532,0,1,0.103448,0.2,0.5,1.183311,0,f,f,t,f,f,f,f,f,f,f,n
12268,0.666667,0,0.37931,0.48,1,1.960633,0,f,f,f,f,f,t,f,f,f,f,n
12620,0.333333,0,0.482759,0.4,1,2.143363,0,f,f,f,f,t,f,f,f,f,f,n
11447,0.333333,0,0.137931,0.6,0.5,2.343124,0,f,f,t,f,f,f,f,f,f,f,n
11581,0,0,0.103448,0.24,0.5,1.400226,0,f,t,f,f,f,f,f,f,f,f,n
13063,0,0,0.068966,0.28,0.5,2.16469,1,f,f,f,f,t,f,f,f,f,f,n
11687,0,0,0.068966,0.28,0.5,1.386431,0,f,f,t,f,f,f,f,f,f,f,n
11336,0,0,0.344828,0.44,1,2.437783,0.333333,f,f,t,f,f,f,f,f,f,f,n
12143,0.333333,0,0.310345,0.56,1,1.72384,0,f,f,f,f,f,f,f,f,f,t,y
13575,0,0,0.482759,0.76,1,2.320039,0,t,f,f,f,f,f,f,f,f,f,y
11732,0,0,0.068966,0.12,0.5,1.775811,0,f,f,f,f,f,t,f,f,f,f,y
13449,0,0,0.172414,0.36,0.5,2.019743,0,f,f,f,f,f,t,f,f,f,f,n
13096,0,0,0.172414,0.44,0.5,1.941316,0.333333,f,f,f,f,t,f,f,f,f,f,n
13681,0,0,0.172414,0.52,0.5,2.252141,0,f,t,f,f,f,f,f,f,f,f,y
12136,0,0,0.241379,0.64,1,2.27455,0.333333,f,f,f,f,f,f,f,t,f,f,n
11480,0.333333,1,1,0.4,0.5,2.080635,0.333333,f,t,f,f,f,f,f,f,f,f,n
12443,0.333333,0,0.413793,0.76,1,2.561503,0,f,f,f,f,t,f,f,f,f,f,n
11358,0,0.5,0.37931,0.32,0.5,1.442441,0,f,f,t,f,f,f,f,f,f,f,n
11679,0,0,0.137931,0.4,0.5,2.320039,0,f,f,f,f,f,f,f,f,f,t,n
13035,0.333333,0.5,0.448276,0.64,0.5,2.536266,0.666667,f,f,f,f,f,f,f,t,f,f,n
12379,0.333333,0,0.241379,0.56,1,2.252141,0.333333,f,f,f,t,f,f,f,f,f,f,n
11083,0,0,0.172414,0.12,0.5,1.545958,0,t,f,f,f,f,f,f,f,f,f,n
13451,0,0,0.172414,0.44,0.5,1.829349,0,f,t,f,f,f,f,f,f,f,f,n
13085,0,0,0.275862,0.64,0.5,2.27455,0.666667,f,f,f,f,f,f,f,f,t,f,n
11113,0,0,0.655172,0.6,0.5,2.718282,0.333333,f,f,f,f,t,f,f,f,f,f,n
11598,0,0,0.241379,0.48,0.5,2.46204,0,f,f,f,f,f,t,f,f,f,f,n
13129,0,0,0.241379,0.76,0.5,2.366439,0.666667,f,f,f,f,f,f,t,f,f,f,y
11068,0,0,0.172414,0.64,1,1.656903,0.333333,f,f,t,f,f,f,f,f,f,f,n
13833,0.333333,0,0.172414,0.56,1,1.624416,0,f,t,f,f,f,f,f,f,f,f,n
13696,0,0,0.275862,0.2,0.5,1.545958,0,t,f,f,f,f,f,f,f,f,f,n
13496,0,0,0.275862,0.68,0.5,1.793481,0,f,f,f,f,t,f,f,f,f,f,y
11847,0.333333,0,0.482759,0.36,1,1.775811,0.333333,f,f,t,f,f,f,f,f,f,f,y
12025,0.333333,0,0.310345,0.36,1,1.829349,0,t,f,f,f,f,f,f,f,f,f,n
13475,0,0,0.241379,0.36,0.5,1.775811,0,f,f,f,f,f,t,f,f,f,f,n
12481,0.666667,0,0.206897,0.48,1,2.389985,0,f,f,f,f,f,f,t,f,f,f,n
11391,0,0,0.310345,0.56,1,2.486537,0,f,f,f,f,f,t,f,f,f,f,n
12702,0.333333,0,0.448276,0.44,1,2.437783,0.333333,f,f,f,f,f,t,f,f,f,f,n
12794,0,0,0.172414,0.4,1,1.775811,0.333333,f,f,t,f,f,f,f,f,f,f,y
11408,0,0,0.241379,0.56,1,2.366439,0.333333,f,f,f,f,f,f,f,t,f,f,y
12198,0,0,0.172414,0.48,1,1.72384,0,f,f,f,f,t,f,f,f,f,f,n
11749,0,0,0.068966,0.12,0.5,1.115063,0,f,f,f,f,f,t,f,f,f,f,n
12152,0,0,0.206897,0.72,1,2.080635,0,f,f,f,f,f,f,f,t,f,f,n
12945,0.333333,0,0.344828,0.44,1,2.437783,0,t,f,f,f,f,f,f,f,f,f,n
12863,0,0,0.241379,0.48,1,2.019743,0.333333,f,t,f,f,f,f,f,f,f,f,n
11739,0,0,0.172414,0.32,0.5,1.306467,0,f,f,t,f,f,f,f,f,f,f,n
11364,0.333333,1,0.172414,0.36,0,1.740993,0.333333,f,f,f,f,t,f,f,f,f,f,n
13499,0,0,0.275862,0.6,0.5,1.847552,0,t,f,f,f,f,f,f,f,f,f,n
11424,0,0,0.034483,0.2,0.5,1.656903,0,t,f,f,f,f,f,f,f,f,f,n
13704,0,0,0.413793,0.32,1,1.608412,0.666667,f,f,f,f,f,f,t,f,f,f,n
13901,0,0,0.068966,0.28,0.5,1.442441,0,f,t,f,f,f,f,f,f,f,f,y
13030,0.333333,0,0.172414,0.28,0.5,1.865935,0.666667,f,f,f,f,f,f,f,t,f,f,y
11607,0,0,0.206897,0.36,1,2.101338,0,f,f,f,f,f,f,f,f,f,t,n
12019,0.333333,0,0.344828,0.8,1,2.320039,0,f,t,f,f,f,f,f,f,f,f,y
11590,0,0,0.206897,0.32,1,1.903253,0,f,f,t,f,f,f,f,f,f,f,n
13621,0,0,0.275862,0.32,1,2.207983,0,f,t,f,f,f,f,f,f,f,f,n
13849,0,0,0.137931,0.36,0.5,1.545958,0,f,f,f,f,f,t,f,f,f,f,n
11127,0,0,0.344828,0.32,1,1.999844,0,t,f,f,f,f,f,f,f,f,f,y
11676,0,0,0.172414,0.44,0.5,2.413766,0,f,f,f,f,f,t,f,f,f,f,n
13036,0.333333,0,0.275862,0.64,0.5,2.252141,0.666667,f,f,f,f,f,f,f,t,f,f,n
13660,0,0,0.172414,0.32,1,2.229952,0,f,f,f,f,t,f,f,f,f,f,n
11670,0,0,0.448276,0.2,0.5,1.332596,0,f,f,t,f,f,f,f,f,f,f,n
12881,0,0,0.344828,0.52,1,1.640579,0.333333,f,f,t,f,f,f,f,f,f,f,n
13676,0,0,0.172414,0.36,0.5,1.319467,0,f,f,f,f,f,f,f,f,t,f,n
13655,0,0,0.137931,0.96,0.5,2.297182,0,t,f,f,f,f,f,f,f,f,f,n
13157,0,0,0.137931,0.96,0.5,2.320039,0.333333,t,f,f,f,f,f,f,f,f,f,y
11770,0,0,0.034483,0.2,0.5,1.656903,0,f,f,f,f,f,t,f,f,f,f,n
12448,0,0,0.206897,0.44,1,2.46204,0,f,f,f,f,f,t,f,f,f,f,n
13116,0,0,0.137931,0.52,0.5,1.847552,0.333333,f,t,f,f,f,f,f,f,f,f,n
13239,0,0,0.413793,0.28,0.5,2.389985,0,f,f,f,f,t,f,f,f,f,f,n
13138,0,0,0.103448,0.12,0.5,1.656903,0.666667,f,f,f,f,f,f,f,f,t,f,n
12285,0,0,0.241379,0.44,1,2.207983,0,f,f,f,f,t,f,f,f,f,f,n
11187,0.666667,0.5,0.448276,0.48,0.5,2.27455,0,f,f,t,f,f,f,f,f,f,f,n
13212,0,0,0.137931,0.12,0.5,1.980142,0,f,f,f,f,t,f,f,f,f,f,n
11804,0,0,0.137931,0.48,0.5,1.42823,0,f,f,f,f,f,t,f,f,f,f,n
11677,0,0,0.586207,0.64,0.5,2.691501,0,f,f,f,f,f,f,f,f,f,t,n
13213,0,0,0.206897,0.28,0.5,1.829349,0,f,f,f,f,f,f,f,t,f,f,n
11544,0.333333,1,0.344828,0.44,0.5,1.758316,0.333333,f,t,f,f,f,f,f,f,f,f,n
12167,0.666667,0,0.172414,0.4,1,2.366439,0,f,t,f,f,f,f,f,f,f,f,n
11887,0,0,0.034483,0.2,0.5,1.941316,0,f,f,f,f,t,f,f,f,f,f,n
13512,0,0,0.37931,0.48,1,2.019743,0,f,f,f,f,t,f,f,f,f,f,n
11588,0,0,0.068966,0.56,0.5,2.207983,0.333333,f,f,t,f,f,f,f,f,f,f,n
11104,0,0,0.103448,0.16,0.5,1.400226,0,f,f,f,f,t,f,f,f,f,f,n
13348,0,0,0.275862,0.56,0.5,1.847552,0.333333,t,f,f,f,f,f,f,f,f,f,y
11346,0,0,0.241379,0.2,0.5,1.42823,0,f,f,f,f,f,t,f,f,f,f,n
12766,0,0,0.37931,0.56,1,1.706857,0.666667,f,f,f,f,f,t,f,f,f,f,n
13804,0,0,0.137931,0.32,1,1.69004,0,f,f,t,f,f,f,f,f,f,f,y
13630,0,0,0.310345,0.76,1,2.019743,1,t,f,f,f,f,f,f,f,f,f,n
11898,0,0,0.137931,0.28,0.5,1.414158,0,f,f,f,f,f,f,f,t,f,f,n
13783,0.333333,0,0.172414,0.32,0.5,1.42823,0,f,t,f,f,f,f,f,f,f,f,n
13302,0,0,0.103448,0.2,0.5,1.576876,0.333333,f,f,f,f,f,t,f,f,f,f,y
11111,0,0,0.137931,0.36,0.5,1.941316,0,f,f,f,f,f,t,f,f,f,f,n
11237,0,0,0.413793,0.64,1,2.297182,0,f,f,f,f,f,t,f,f,f,f,n
13298,0,0,0.034483,0.28,0.5,1.386431,0.333333,f,f,f,f,f,t,f,f,f,f,y
12980,0.333333,0,0.172414,0.32,0.5,1.530727,0.666667,f,f,f,f,f,f,f,t,f,f,y
13794,0,0,0.275862,0.48,1,1.829349,0,f,t,f,f,f,f,f,f,f,f,y
11863,0,0,0.103448,0.12,0.5,1.775811,0,f,f,f,f,f,t,f,f,f,f,n
11017,0,0,0.344828,0.4,1,1.608412,0,f,t,f,f,f,f,f,f,f,f,n
12640,0.333333,0,0.448276,0.44,1,1.811326,0,f,t,f,f,f,f,f,f,f,f,n
12163,0,0,0.310345,0.48,1,2.343124,0,f,f,f,f,t,f,f,f,f,f,n
11669,0,0,0.137931,0.2,0.5,1.706857,0,f,f,f,f,f,f,t,f,f,f,n
12662,0.666667,0,0.206897,0.48,1,1.92219,0,f,f,t,f,f,f,f,f,f,f,n
10983,0.333333,1,0.137931,0.4,0,2.320039,0,f,f,f,f,t,f,f,f,f,f,n
13093,0,0,0.241379,0.28,0.5,1.706857,0.666667,f,f,f,f,f,f,f,t,f,f,n
12982,0.333333,0,0.37931,0.8,0.5,2.664984,0.666667,f,f,f,f,f,f,t,f,f,f,y
11651,0,0,0.310345,0.68,1,1.69004,0,f,f,f,f,f,f,f,f,t,f,n
11559,0.333333,1,0.448276,0.44,0.5,1.811326,0,f,t,f,f,f,f,f,f,f,f,n
12384,0.333333,0,0.172414,0.6,1,2.612731,0,f,f,f,f,t,f,f,f,f,f,n
12099,0.666667,0,0.344828,0.48,1,1.960633,0,f,f,f,f,f,t,f,f,f,f,n
13718,0,0,0.344828,0.32,1,1.775811,0,f,f,f,f,f,f,f,f,t,f,n
13217,0,0,0.103448,0.12,0.5,1.640579,0.333333,f,f,f,f,f,f,f,f,t,f,n
11107,0,0,0.206897,0.4,1,1.758316,0,f,f,f,f,f,f,f,f,f,t,n
13886,0,0,0.172414,0.28,0.5,2.080635,0,f,f,t,f,f,f,f,f,f,f,n
12947,0.333333,0,0.344828,0.6,1,2.186229,0,f,t,f,f,f,f,f,f,f,f,n
12882,0.333333,0,0.275862,0.48,1,2.46204,0,f,t,f,f,f,f,f,f,f,f,n
12936,0.666667,0,0.37931,0.84,0.5,2.122247,0,f,f,f,f,f,f,f,f,f,t,n
13135,0,0,0.103448,0.32,0.5,1.592566,1,f,f,f,f,f,f,f,t,f,f,y
11507,0,0,0.344828,0.44,1,1.847552,0,f,t,f,f,f,f,f,f,f,f,n
11743,0,0,0.172414,0.48,0.5,1.56134,0,t,f,f,f,f,f,f,f,f,f,n
12107,0.333333,0,0.241379,0.56,1,1.829349,0,f,f,f,f,f,f,f,t,f,f,n
11587,0,0,0.275862,0.52,0.5,1.515646,0,f,f,f,f,f,t,f,f,f,f,n
12787,0,0,0.275862,0.76,1,2.511279,0.666667,f,f,t,f,f,f,f,f,f,f,n
11755,0,0,0.103448,0.28,0.5,1.332596,0,f,f,t,f,f,f,f,f,f,f,n
12195,0.333333,0,0.37931,0.36,1,1.829349,0,t,f,f,f,f,f,f,f,f,f,n
13913,0,0,0.206897,0.36,0.5,1.941316,0,t,f,f,f,f,f,f,f,f,f,n
11140,0,0,0.206897,0.16,0.5,1.372771,0,f,f,t,f,f,f,f,f,f,f,n
13510,0,0,0.310345,0.6,1,2.612731,0,t,f,f,f,f,f,f,f,f,f,n
13424,0,0.5,0.275862,0.24,0.5,1.829349,0,f,t,f,f,f,f,f,f,f,f,n
13654,0,0,0.206897,0.36,0.5,1.515646,0.333333,f,f,f,f,f,f,f,t,f,f,n
13866,0,0,0.241379,0.12,0.5,1.793481,0.333333,f,f,f,f,f,f,f,f,t,f,n
11692,0,0,0.172414,0.36,0.5,1.608412,0.333333,f,f,f,f,f,t,f,f,f,f,n
13504,0,0,0.310345,0.6,1,1.960633,0,f,f,f,f,f,f,f,f,f,t,n
12492,0,0,0.310345,0.44,1,2.320039,0,t,f,f,f,f,f,f,f,f,f,y
13070,0,0,0.103448,0.32,0.5,1.576876,0.666667,f,f,f,f,f,f,f,t,f,f,y
11306,0,0,0.172414,0.44,0.5,2.207983,0,f,f,f,f,f,f,f,f,f,t,n
13314,0,0,0.068966,0.24,0.5,2.16469,0.333333,f,t,f,f,f,f,f,f,f,f,n
11780,0,0,0.137931,0.2,0.5,1.442441,0,f,f,f,f,f,f,f,f,f,t,y
13112,0,0,0.103448,0.2,0.5,1.903253,1,f,f,f,f,f,f,f,f,t,f,n
12137,0,0,0.482759,0.56,1,1.69004,0,f,f,f,f,f,f,f,t,f,f,y
13133,0,0,0.172414,0.28,0.5,1.999844,0.666667,f,f,f,f,f,f,f,f,t,f,n
12799,0.333333,0,0.37931,0.6,1,1.980142,0.333333,f,f,f,f,t,f,f,f,f,f,n
11508,0,0,0.310345,0.56,1,2.03984,0,f,t,f,f,f,f,f,f,f,f,n
13817,0,0,0.103448,0.4,0.5,1.545958,0,f,f,f,f,f,f,f,f,f,t,n
11959,0,0,0.344828,0.6,1,2.389985,0,t,f,f,f,f,f,f,f,f,f,y
12390,0,0,0.241379,0.48,1,2.343124,0.333333,f,f,f,f,f,f,f,f,t,f,n
12768,0.333333,0,0.172414,0.44,1,1.941316,0.666667,t,f,f,f,f,f,f,f,f,f,n
12445,0.333333,0,0.344828,0.44,1,2.486537,0,f,f,f,t,f,f,f,f,f,f,n
11822,0,0,0.551724,0.4,1,2.561503,0,f,f,t,f,f,f,f,f,f,f,n
13736,0,0,0.137931,0.4,0.5,1.42823,0,f,f,f,f,f,f,f,t,f,f,y
12915,0.333333,0,0.241379,0.48,1,2.16469,0,f,f,f,f,f,f,t,f,f,f,n
11350,0,0,0.241379,0.48,0.5,2.229952,0,f,f,f,f,t,f,f,f,f,f,n
11893,0,0,0.137931,0.44,0.5,1.72384,0,f,t,f,f,f,f,f,f,f,f,y
11548,0.333333,1,0.586207,0.48,0,2.664984,0.333333,f,t,f,f,f,f,f,f,f,f,n
11294,0,0,0.275862,0.6,1,1.941316,0,f,f,t,f,f,f,f,f,f,f,n
11685,0,0,0.275862,0.28,0.5,1.941316,0,f,f,f,f,f,t,f,f,f,f,n
12629,0.666667,0,0.206897,0.4,0.5,1.999844,0,f,f,f,f,f,f,f,f,f,t,n
13389,0,0,0.103448,0.2,0.5,1.865935,0.333333,f,f,f,f,f,f,f,f,t,f,n
12155,0.333333,0,0.275862,0.56,1,2.252141,0,f,t,f,f,f,f,f,f,f,f,n
13638,0,0,0.344828,0.48,0.5,1.515646,0,f,f,f,f,f,f,f,t,f,f,y
12199,0.333333,0,0.275862,0.56,1,2.252141,0.333333,f,f,f,t,f,f,f,f,f,f,n
11729,0,0,0.103448,0.32,0.5,1.386431,0,t,f,f,f,f,f,f,f,f,f,n
13032,0.333333,0,0.310345,0.36,0.5,2.486537,0.666667,f,f,f,f,f,f,f,t,f,f,n
13363,0,0,0.103448,0.36,0.5,1.960633,0.333333,t,f,f,f,f,f,f,f,f,f,n
12012,0.333333,0,0.241379,0.52,1,1.829349,0,f,f,f,f,f,f,f,f,f,t,n
13307,0,0,0.172414,0.2,0.5,1.69004,0.333333,f,f,f,f,t,f,f,f,f,f,n
12030,0.333333,0,0.275862,0.36,1,2.060137,0.333333,f,f,f,f,f,f,f,t,f,f,n
11874,0,0,0.206897,0.4,1,2.413766,0,f,f,f,f,f,t,f,f,f,f,n
11351,0.333333,1,0.275862,0.36,0,2.638728,0.666667,f,t,f,f,f,f,f,f,f,f,n
13506,0,0,0.172414,0.4,1,1.884502,0,f,f,t,f,f,f,f,f,f,f,n
12589,0.333333,0,0.413793,0.48,1,2.46204,0,f,t,f,f,f,f,f,f,f,f,n
12845,0.333333,0,0.344828,0.44,1,2.511279,0.333333,f,f,f,t,f,f,f,f,f,f,n
12078,0,0,0.172414,0.48,1,2.101338,0,f,t,f,f,f,f,f,f,f,f,n
12960,0,0,0.172414,0.32,1,1.865935,0,f,f,f,f,f,f,f,t,f,f,n
13045,0.333333,0,0.241379,0.16,0.5,2.252141,0.333333,f,f,f,f,t,f,f,f,f,f,n
13404,0,0,0.068966,0.28,0.5,1.332596,0,f,f,f,f,f,f,f,t,f,f,y
13100,0,0,0.137931,0.2,0.5,1,0.333333,f,f,f,f,f,f,f,t,f,f,n
