tweet_id,hashtags,mentions,uppercase,nonalpha,urls,len,numbers,spam
0,0,0,1,8,1,129,0,y
1,0,0,0,4,1,113,1,n
2,0,0,0,1,1,97,0,n
3,0,0,0,1,1,103,0,n
4,0,0,0,2,1,85,0,n
5,0,0,1,5,1,100,0,n
6,0,0,0,3,1,84,0,n
7,0,0,0,1,1,113,0,n
8,0,0,2,3,1,108,0,n
9,0,0,0,4,1,89,0,n
10,0,0,0,3,1,116,0,n
11,0,0,0,1,1,90,0,y
12,0,0,0,5,1,117,0,n
13,0,0,0,5,1,131,0,n
14,0,0,0,5,1,104,0,n
15,0,0,1,4,1,132,0,n
16,0,0,0,5,1,58,0,y
17,0,0,0,3,1,84,0,n
18,0,0,0,4,1,113,1,n
19,0,0,0,2,1,85,0,n
20,0,0,0,7,2,131,1,n
21,0,0,1,5,1,100,0,n
22,0,0,0,6,1,115,1,n
23,0,0,0,2,1,104,0,n
24,1,0,0,2,1,92,0,n
25,1,0,0,3,2,94,0,y
26,0,0,0,6,2,108,1,n
27,0,0,1,8,1,132,0,y
28,0,0,1,7,2,126,0,n
29,0,0,0,2,1,87,0,n
30,0,0,0,7,2,130,0,y
31,0,0,0,4,2,109,0,n
32,0,0,0,5,2,135,1,n
33,0,0,0,5,1,89,0,n
34,0,0,0,2,2,126,0,n
35,0,0,0,3,1,126,0,n
36,0,0,0,7,2,139,1,y
37,0,0,0,2,2,121,0,n
38,0,0,0,4,2,124,0,n
39,0,0,0,4,2,121,0,n
40,0,0,0,5,1,122,0,n
41,0,0,0,2,1,76,1,n
42,0,0,0,4,1,128,0,n
43,0,0,0,5,2,91,0,n
44,0,0,0,7,2,142,0,n
45,0,1,0,2,2,110,0,n
46,0,0,0,6,2,139,1,y
47,0,0,0,5,2,113,0,n
48,0,0,0,2,2,126,0,n
49,0,0,1,2,2,102,0,n
50,0,0,0,4,1,66,0,n
51,0,0,0,3,2,101,0,n
52,0,0,0,9,1,140,0,y
53,0,0,0,4,2,102,0,y
54,0,0,0,2,1,58,0,y
55,0,0,0,2,2,98,0,y
56,0,0,0,3,1,74,1,n
57,0,1,0,3,1,79,0,n
58,0,0,0,2,1,58,0,y
59,0,0,0,7,2,128,0,y
60,0,0,1,2,1,100,0,n
61,0,0,1,2,2,118,0,n
62,0,0,2,4,2,132,0,n
63,0,0,0,5,1,131,0,n
64,0,0,0,4,2,106,0,y
65,0,0,0,6,2,136,0,y
66,0,0,0,4,2,119,1,n
67,0,0,0,4,2,98,0,n
68,0,0,0,5,2,127,0,n
69,0,0,1,4,2,125,0,n
70,0,0,0,4,2,140,0,n
71,0,0,0,4,1,134,0,n
72,0,0,0,7,2,139,1,n
73,0,0,0,2,2,118,0,n
74,1,0,0,3,1,81,0,n
75,1,0,0,3,2,116,0,n
76,0,0,1,6,2,124,0,n
77,1,0,0,3,1,67,0,n
78,0,0,0,3,2,128,0,n
79,0,0,0,4,2,108,0,n
80,0,0,0,4,2,115,0,y
81,0,0,0,3,2,109,0,n
82,0,0,1,4,1,135,0,n
83,0,0,0,5,1,134,0,n
84,0,0,0,2,2,114,0,y
85,0,0,0,2,1,85,0,n
86,0,0,0,6,2,141,0,n
87,0,0,0,4,2,140,0,n
88,0,0,0,2,2,137,0,n
89,0,0,0,3,1,78,0,y
90,0,0,0,5,2,122,2,n
91,0,0,0,5,2,123,0,n
92,0,0,0,3,2,112,0,n
93,0,0,0,3,2,131,0,n
94,0,0,0,2,1,69,0,n
95,0,0,1,6,1,144,0,n
96,0,0,0,3,2,114,0,n
97,0,0,0,4,2,100,1,n
98,0,0,0,4,1,138,0,n
99,0,0,0,4,2,95,0,n
100,0,0,0,2,2,105,0,n
101,0,0,1,5,1,132,0,n
102,0,0,0,3,2,118,0,n
103,0,0,0,1,1,90,0,n
104,0,0,0,3,1,74,0,n
105,0,0,0,2,2,107,0,n
106,0,0,1,2,2,104,0,n
107,0,0,0,2,2,126,0,n
108,0,0,0,4,2,112,0,y
109,0,0,1,3,2,128,1,n
110,0,0,0,5,2,108,0,n
111,0,0,0,2,2,110,0,n
112,0,0,0,5,2,136,0,n
113,0,0,0,3,1,63,0,n
114,0,0,0,3,2,112,0,n
115,0,0,0,6,2,124,0,n
116,0,0,1,5,2,137,1,n
117,0,0,0,4,1,81,0,n
118,1,0,0,4,1,124,0,n
119,0,0,0,3,2,103,0,n
120,0,0,0,5,2,97,0,n
121,0,0,0,6,2,128,1,n
122,0,0,0,4,2,114,1,n
123,0,0,0,3,1,122,0,n
124,0,0,0,3,2,124,0,n
125,0,0,0,5,2,108,0,n
126,0,0,1,2,2,127,0,n
127,0,0,1,2,2,133,0,n
128,0,0,0,5,2,115,0,n
129,0,0,0,3,2,134,0,n
130,0,0,0,5,2,126,0,n
131,0,0,1,4,2,117,1,y
132,0,0,1,6,2,123,0,n
133,0,0,1,3,1,129,0,n
134,0,0,0,2,2,103,0,n
135,0,0,0,7,2,125,1,y
136,0,0,0,3,2,121,0,n
137,1,0,1,5,2,126,0,n
138,0,0,0,3,2,118,0,n
139,0,0,0,2,1,62,0,n
140,0,0,0,4,2,108,0,n
141,0,0,0,4,2,96,2,n
142,0,0,0,2,1,78,0,y
143,0,0,0,5,2,139,0,y
144,0,0,0,3,2,127,0,n
145,0,0,0,4,2,108,0,n
146,0,0,0,5,1,130,0,n
147,0,0,0,5,2,130,0,n
148,0,0,0,5,1,103,0,n
149,0,0,0,4,2,93,2,n
150,0,0,0,5,2,99,0,n
151,0,0,0,5,1,118,0,n
152,0,0,0,6,1,101,3,y
153,0,0,0,3,1,76,1,y
154,0,0,0,3,2,133,0,n
155,0,0,0,2,1,93,0,n
156,0,0,0,4,2,96,1,y
157,0,0,0,2,1,89,0,y
158,0,0,0,5,1,79,1,y
159,0,0,0,2,1,70,0,y
160,0,0,0,4,1,97,0,y
161,0,0,0,2,1,67,0,n
162,0,0,0,5,1,92,0,n
163,0,0,0,4,2,95,0,n
164,0,0,1,3,1,126,0,n
165,0,0,0,1,1,87,0,n
166,0,0,0,2,1,54,0,n
167,0,0,0,4,1,89,0,y
168,0,0,0,3,1,86,1,n
169,0,0,0,3,1,106,0,y
170,0,0,0,2,1,78,0,y
171,0,0,0,4,1,127,0,n
172,0,0,0,3,1,84,0,n
173,0,0,0,6,1,101,1,y
174,0,0,0,3,1,99,1,n
175,0,0,1,4,2,117,1,y
176,0,0,0,4,1,73,0,n
177,0,0,0,4,1,81,0,n
178,0,0,1,2,2,127,0,n
179,0,0,1,1,1,80,0,n
180,0,0,0,3,1,90,1,n
181,0,0,0,8,1,117,1,n
182,0,0,0,1,1,97,0,n
183,0,0,0,5,1,131,0,n
184,0,0,1,4,1,132,0,n
185,0,0,0,1,1,90,0,y
186,0,0,0,5,1,104,1,n
187,0,0,0,3,1,71,0,n
188,0,0,0,2,1,94,0,n
189,0,0,0,5,1,104,0,n
190,0,0,0,2,1,55,0,n
191,0,0,0,3,1,91,0,y
192,0,0,0,2,1,79,0,n
193,0,0,0,5,1,117,0,n
194,0,1,0,9,2,134,0,y
195,0,0,0,1,1,113,0,n
196,0,0,1,4,1,111,0,n
197,0,0,0,7,1,118,0,n
198,0,0,0,2,1,88,0,n
199,0,0,1,1,1,106,0,n
200,0,0,0,3,1,77,0,n
201,0,0,0,2,1,88,0,n
202,0,0,1,4,1,113,1,n
203,0,0,1,5,1,141,0,n
204,0,0,0,1,1,102,0,n
205,0,0,1,3,1,101,0,n
206,0,0,0,5,1,100,0,n
207,0,0,0,4,1,84,0,n
208,0,0,0,4,1,112,0,n
209,0,0,0,3,1,95,1,n
210,0,0,0,1,1,94,0,n
211,0,0,2,3,1,108,0,n
212,0,0,0,4,1,103,0,n
213,0,0,0,3,1,116,0,n
214,0,0,0,3,1,74,0,n
215,0,0,0,5,1,112,0,y
216,0,0,0,3,1,131,0,n
217,0,0,0,1,1,74,0,y
218,0,0,0,4,1,128,0,n
219,0,0,0,3,1,100,0,n
220,0,0,1,1,1,94,0,n
221,0,0,0,3,1,82,0,n
222,0,0,0,3,1,78,0,n
223,0,0,0,6,1,104,0,y
224,0,0,0,2,1,77,0,n
225,0,0,0,9,1,137,0,y
226,0,0,1,1,1,78,0,n
227,0,0,0,4,1,89,0,n
228,0,0,0,4,1,67,0,n
229,0,0,0,1,1,98,0,n
230,0,1,0,1,1,86,0,n
231,0,0,0,1,1,102,0,n
232,0,0,0,5,1,115,1,y
233,0,0,0,3,1,85,0,y
234,0,0,0,2,1,123,0,y
235,0,0,0,8,1,129,0,n
236,0,0,0,6,1,118,0,n
237,0,0,0,4,1,119,0,n
238,0,0,0,3,1,97,0,n
239,0,0,0,1,1,97,0,n
240,0,0,0,6,1,115,1,n
241,0,0,0,6,1,106,0,n
242,0,0,0,4,1,111,1,n
243,0,0,1,6,1,102,0,n
244,0,0,1,2,1,107,0,n
245,0,0,1,8,1,129,0,y
246,0,0,0,1,1,90,0,y
247,0,0,0,1,1,86,0,n
248,0,0,0,6,1,107,1,n
249,0,0,0,3,1,96,2,n
250,0,0,0,5,1,84,1,n
251,0,0,1,1,1,80,0,n
252,0,0,1,2,1,104,1,n
253,0,0,0,1,1,81,0,n
254,0,0,0,3,1,71,0,n
255,0,0,0,4,1,135,0,y
256,0,0,0,1,1,83,0,n
257,0,0,1,4,1,129,0,n
258,0,0,0,3,1,88,0,y
259,0,0,0,2,1,94,0,n
260,0,0,0,5,1,78,1,n
261,0,0,0,4,1,99,0,n
262,0,0,0,2,1,107,0,n
263,0,0,0,2,1,90,0,n
264,0,0,1,5,1,141,0,n
265,0,0,0,5,1,112,0,n
266,0,0,0,3,1,116,0,n
267,0,0,0,3,1,91,0,y
268,0,0,0,3,1,78,0,y
269,0,0,0,2,1,88,0,n
270,0,0,0,4,1,98,2,n
271,0,0,0,4,1,91,0,n
272,0,0,0,3,1,111,0,n
273,0,0,1,5,2,135,0,n
274,0,0,0,9,1,140,0,y
275,0,0,0,4,1,112,0,n
276,0,0,0,2,2,118,0,n
277,0,0,0,2,1,85,0,n
278,0,0,1,5,1,100,0,n
279,1,0,0,3,1,67,0,n
280,0,0,0,4,2,106,0,n
281,0,0,0,5,2,135,1,n
282,0,0,0,2,2,126,0,n
283,0,0,0,2,2,98,0,n
284,0,0,0,1,1,97,0,n
285,0,0,0,4,1,109,0,n
286,0,0,1,7,2,126,0,n
287,0,0,0,7,2,130,0,y
288,0,0,1,8,1,129,0,y
289,0,0,0,4,2,109,0,n
290,0,0,0,5,1,87,1,n
291,1,0,0,2,1,92,0,n
292,0,1,0,1,1,86,0,n
293,0,0,0,5,1,101,0,n
294,0,0,0,2,1,85,0,n
295,0,0,0,3,1,91,0,n
296,1,0,0,4,1,57,0,n
297,0,0,2,2,1,115,1,n
298,0,0,0,4,1,92,0,n
299,0,0,0,1,1,91,0,n
300,0,0,0,6,1,115,1,y
301,0,0,1,3,1,85,1,n
302,0,0,0,6,1,104,0,y
303,0,0,0,1,1,98,0,n
304,0,0,0,4,1,128,0,n
305,0,0,1,1,1,78,0,n
306,0,0,0,5,1,87,0,y
307,0,0,0,9,2,116,0,y
308,0,0,0,3,1,84,0,n
309,0,0,0,6,2,136,0,n
310,0,0,0,3,1,71,0,n
311,0,0,0,4,1,84,0,n
312,0,0,0,5,1,100,0,n
313,0,0,0,2,1,88,0,n
314,0,0,1,3,1,92,0,n
315,0,0,1,5,2,119,0,n
316,0,0,0,2,1,91,0,n
317,0,0,1,3,1,129,0,n
318,0,0,0,4,1,125,0,n
319,0,0,0,2,2,121,0,n
320,0,0,0,3,2,110,0,n
321,0,0,2,4,2,129,0,n
322,0,0,0,4,2,130,0,n
323,0,0,0,2,2,105,0,n
324,0,0,0,2,2,105,0,n
325,0,0,1,5,2,141,0,n
326,0,0,0,4,2,125,0,n
327,0,0,0,6,2,116,0,n
328,0,0,0,4,2,130,0,n
329,0,0,0,5,2,124,0,n
330,1,0,0,3,2,112,0,n
331,0,0,0,3,1,63,0,n
332,0,0,1,4,2,116,0,n
333,0,0,0,3,2,91,0,n
334,0,0,0,6,2,142,0,n
335,0,0,0,2,2,122,0,n
336,0,0,0,3,2,93,0,n
337,0,0,0,3,2,86,0,n
338,0,0,1,3,1,102,0,n
339,0,0,0,6,2,113,0,n
340,0,0,0,3,2,109,0,n
341,0,0,0,4,1,124,0,y
342,0,0,1,3,2,124,0,n
343,0,0,0,5,2,113,0,n
344,0,0,0,5,1,121,0,y
345,0,0,0,6,1,107,0,y
346,0,0,0,5,1,95,1,n
347,0,0,0,4,2,96,2,n
348,0,0,0,3,2,127,0,n
349,0,0,1,7,1,104,0,n
350,0,0,1,2,1,111,0,n
351,0,0,0,4,1,102,0,n
352,0,0,0,1,1,94,0,n
353,0,0,2,3,1,119,0,n
354,0,0,0,3,1,106,0,n
355,0,0,0,3,1,106,0,n
356,0,0,0,2,1,120,0,n
357,0,0,0,4,1,72,0,n
358,1,0,0,4,1,57,0,n
359,0,0,0,2,2,126,0,n
360,0,0,1,4,1,94,0,n
361,0,0,0,6,1,116,0,y
362,0,0,0,7,2,130,0,y
363,0,0,1,5,1,124,0,n
364,0,0,0,5,2,135,1,n
365,0,0,0,2,1,89,0,n
366,0,0,0,5,1,103,0,n
367,0,0,1,4,1,121,0,n
368,0,0,1,9,1,131,0,y
369,0,0,0,6,1,91,0,n
370,0,0,0,2,1,70,0,n
371,0,0,0,5,1,91,0,n
372,0,0,1,5,1,103,0,n
373,0,0,0,3,1,99,0,n
374,0,0,0,4,1,99,0,n
375,0,0,0,2,1,96,0,n
376,0,0,0,2,1,104,0,n
377,0,0,1,3,1,83,0,n
378,0,0,1,5,1,119,0,n
379,0,0,0,7,2,125,3,y
380,0,0,0,4,1,92,1,n
381,0,0,0,4,2,101,0,n
382,0,0,1,2,2,130,0,n
383,0,0,1,5,2,135,0,n
384,0,0,0,8,2,142,0,n
385,0,0,1,6,1,144,0,n
386,1,0,0,5,1,123,0,n
387,0,0,0,2,1,72,0,n
388,0,0,0,2,1,81,0,n
389,0,0,0,4,1,71,2,n
390,0,0,0,4,1,101,0,n
391,0,0,0,3,1,64,0,n
392,0,0,0,4,1,72,0,n
393,0,0,0,5,1,68,0,n
394,0,0,0,3,1,96,2,n
395,0,0,0,7,1,107,0,y
396,0,0,0,5,1,108,0,y
397,0,0,0,3,1,105,0,n
398,0,0,0,5,1,106,0,n
399,0,0,1,6,1,134,1,y
400,0,0,0,4,1,116,0,n
401,0,0,0,3,1,98,0,n
402,0,0,0,5,1,113,0,n
403,0,0,0,8,1,84,1,n
404,0,0,0,1,1,116,0,n
405,0,0,0,4,1,80,0,n
406,0,0,0,5,2,141,0,n
407,1,0,0,2,1,122,0,n
408,0,0,0,4,1,141,0,n
409,1,0,1,2,1,96,0,n
410,0,0,0,4,1,91,1,n
411,0,0,1,4,1,103,0,n
412,0,0,0,2,1,102,0,y
413,0,0,1,3,1,108,0,n
414,0,0,1,4,1,100,1,n
415,0,1,1,3,1,110,0,n
416,0,0,1,2,1,112,0,n
417,0,0,1,2,1,98,0,n
418,1,0,0,1,1,106,0,n
419,0,0,0,4,1,94,0,n
420,0,0,0,6,1,86,0,y
421,0,0,0,4,1,97,0,n
422,0,0,1,3,1,93,1,y
423,1,0,1,2,1,125,0,n
424,0,0,0,5,1,139,0,y
425,0,1,0,2,1,106,0,n
426,0,0,0,5,1,89,0,y
427,0,0,0,3,1,84,0,n
428,0,0,0,5,1,80,0,n
429,0,0,1,9,1,130,0,n
430,0,0,1,8,1,125,0,n
431,0,0,1,7,1,135,1,y
432,0,0,0,6,1,113,0,n
433,0,0,0,5,1,116,0,n
434,0,0,0,4,1,92,0,n
435,0,0,0,2,1,82,0,n
436,0,0,0,3,1,98,0,n
437,0,0,0,4,1,78,0,n
438,0,0,0,6,1,114,0,n
439,0,0,0,4,1,91,1,n
440,0,0,0,5,1,136,0,n
441,0,0,0,2,1,99,0,n
442,0,0,0,2,1,95,0,n
443,0,0,0,4,1,85,0,n
444,0,0,0,4,1,99,0,n
445,0,0,0,6,1,90,0,n
446,0,0,0,4,1,98,0,n
447,0,0,0,4,1,83,0,n
448,0,0,1,6,1,101,0,n
449,0,0,0,5,1,81,0,n
450,0,0,0,7,1,87,0,y
451,0,0,0,4,1,107,0,n
452,0,0,0,7,1,105,0,y
453,0,0,0,5,1,86,0,n
454,0,0,0,7,1,130,0,y
455,0,0,0,5,1,76,1,n
456,0,0,0,4,1,89,0,n
457,1,0,0,4,1,93,0,n
458,0,0,0,5,1,101,0,n
459,0,0,0,7,1,86,1,n
460,0,0,0,8,1,87,1,n
461,0,0,0,7,1,86,1,n
462,0,0,0,3,1,117,0,n
463,0,0,0,6,1,135,0,y
464,0,0,0,7,1,130,0,y
465,0,0,0,7,1,120,0,n
466,0,0,0,4,1,125,0,n
467,0,0,0,5,1,91,0,n
468,0,0,1,7,1,135,1,y
469,0,0,0,3,1,92,1,n
470,0,0,0,6,1,140,0,y
471,0,0,0,5,1,81,0,n
472,0,0,1,6,1,105,0,n
473,0,0,0,3,1,92,0,n
474,0,0,1,3,1,113,0,n
475,0,0,0,6,1,114,0,n
476,0,0,0,4,1,99,0,n
477,0,0,0,8,1,108,0,y
478,0,0,0,4,1,118,0,n
479,0,0,0,2,1,95,0,n
480,0,0,0,4,1,103,0,n
481,0,0,0,5,1,122,0,n
482,0,0,0,4,1,107,0,y
483,0,0,0,4,1,85,0,y
484,0,0,0,2,1,82,0,n
485,0,0,0,7,1,136,0,y
486,0,0,0,8,1,87,1,?
487,0,0,0,7,1,86,1,?
488,0,0,0,6,1,102,0,?
489,0,0,1,6,1,119,0,?
490,0,0,0,8,1,131,0,?
491,0,0,0,4,1,72,0,?
492,0,0,0,6,1,117,0,?
493,0,0,0,3,1,86,0,?
494,0,0,0,5,1,138,0,?
495,0,0,0,4,2,100,0,?
496,0,0,0,4,2,95,0,?
497,0,0,0,2,2,125,0,?
498,0,0,0,5,1,94,0,?
499,0,0,1,3,1,91,0,?
500,1,0,0,2,1,88,0,?
501,0,0,0,4,1,100,0,?
502,0,0,0,2,1,92,0,?
503,0,0,0,4,1,92,0,?
504,0,0,0,3,1,92,0,?
505,0,0,0,3,1,106,0,?
506,0,0,1,4,1,117,0,?
507,0,0,0,6,1,121,0,?
508,0,0,0,3,1,101,0,?
509,0,0,0,7,1,127,1,?
510,1,0,1,2,1,86,0,?
511,0,0,0,5,1,105,0,?
512,0,0,0,2,1,73,0,?
513,0,0,1,4,1,105,0,?
514,0,0,0,1,1,81,0,?
515,0,0,0,3,1,64,0,?
516,0,0,0,5,1,101,0,?
517,0,0,1,3,1,95,0,?
518,0,0,0,5,1,127,0,?
519,0,0,0,3,1,107,0,?
520,0,0,0,4,1,123,0,?
521,0,0,0,1,1,81,0,?
522,0,0,0,3,1,73,0,?
523,0,0,0,4,1,83,0,?
524,0,0,0,5,1,94,0,?
525,0,0,0,1,1,93,0,?
526,0,0,0,4,1,115,0,?
527,0,0,0,4,1,86,0,?
528,0,0,0,6,1,91,1,?
529,0,0,0,4,1,103,0,?
530,0,0,0,7,1,126,0,?
531,0,0,0,4,1,99,0,?
532,0,0,0,4,1,112,0,?
533,0,0,0,2,1,104,0,?
534,0,0,0,8,1,135,1,?
535,0,0,0,4,1,105,0,?
536,0,0,1,5,1,77,0,?
537,0,0,0,8,1,115,0,?
538,0,0,0,4,1,125,0,?
539,0,0,0,7,1,125,0,?
540,0,0,0,5,1,106,2,?
541,0,0,0,5,1,100,0,?
542,0,0,0,3,1,84,0,?
543,0,0,0,7,2,130,0,?
544,0,0,0,3,1,106,0,?
545,0,0,0,5,2,96,0,?
546,0,0,0,4,2,100,1,?
547,0,0,0,3,2,131,0,?
548,0,0,0,5,1,119,0,?
549,0,0,0,5,2,135,1,?
550,0,0,1,3,1,94,0,?
551,0,0,2,3,1,106,0,?
552,0,0,0,5,2,121,0,?
553,0,0,1,3,1,85,0,?
554,0,0,0,5,1,101,0,?
555,0,0,0,3,1,89,0,?
556,0,0,1,4,2,117,1,?
557,0,0,0,1,1,122,0,?
558,0,0,0,5,2,123,0,?
559,0,0,1,8,1,132,0,?
560,1,0,0,3,2,87,0,?
561,0,0,0,8,1,84,1,?
562,0,0,0,1,1,85,0,?
563,0,0,0,3,1,120,0,?
564,0,0,0,3,1,67,0,?
565,0,0,0,7,2,121,0,?
566,0,0,1,7,2,126,0,?
567,0,0,0,3,1,70,0,?
568,0,0,0,4,2,109,0,?
569,0,0,0,1,1,84,0,?
570,0,0,0,6,2,124,1,?
571,0,0,0,5,1,116,1,?
572,0,0,0,2,2,126,0,?
573,0,0,0,5,1,122,0,?
574,0,0,0,5,2,99,0,?
575,0,0,0,3,1,76,0,?
576,0,0,0,4,2,112,0,?
577,0,0,0,2,1,86,0,?
578,0,0,0,5,1,104,0,?
579,0,0,0,6,1,146,0,?
580,0,0,0,3,1,132,0,?
581,0,0,0,7,1,127,0,?
582,0,0,0,3,1,102,0,?
583,0,0,0,7,1,124,0,?
584,0,0,0,3,1,113,0,?
585,0,0,1,4,2,116,0,?
586,0,0,0,2,2,111,0,?
587,0,0,0,3,1,93,1,?
588,0,0,0,6,1,87,0,?
589,1,0,0,4,1,93,0,?
590,0,0,0,5,1,78,1,?
591,0,0,0,4,1,109,0,?
592,0,0,0,5,1,90,0,?
593,0,0,0,7,1,107,0,?
594,1,0,1,1,1,92,0,?
595,0,0,0,4,1,109,0,?
596,0,0,0,5,1,112,1,?
597,0,0,1,3,1,133,0,?
598,0,0,0,7,1,136,0,?
599,0,0,1,5,1,111,0,?
600,0,0,1,3,1,97,0,?
601,0,0,0,4,1,114,0,?
602,0,0,0,7,1,98,0,?
603,0,0,0,2,1,72,0,?
604,0,0,0,3,1,108,0,?
605,0,0,0,4,1,106,0,?
606,0,0,0,8,1,131,0,?
607,0,0,0,6,1,86,0,?
608,0,0,1,6,1,112,0,?
609,0,0,1,4,1,134,0,?
610,0,0,0,4,1,125,0,?
611,0,0,0,3,1,117,0,?
612,0,0,0,4,1,84,0,?
613,0,0,0,4,1,133,0,?
614,0,0,1,7,1,124,0,?
615,0,0,0,2,1,95,0,?
616,0,0,0,5,1,76,0,?
617,0,0,0,9,1,107,0,?
618,0,0,0,4,1,114,0,?
619,0,0,0,5,1,91,0,?
620,0,0,0,4,1,117,0,?
621,0,0,0,3,1,106,0,?
622,0,0,0,6,1,119,0,?
623,0,0,1,6,1,134,1,?
624,0,0,1,1,1,114,0,?
625,0,0,0,3,1,106,0,?
626,0,0,0,8,1,125,0,?
627,0,0,0,3,1,120,0,?
628,0,0,0,1,1,81,0,?
629,0,0,0,3,1,84,0,?
630,0,0,0,4,1,107,0,?
631,0,0,0,4,1,107,0,?
632,0,0,0,2,1,82,0,?
633,0,0,0,5,1,102,0,?
634,0,0,1,2,1,115,0,?
635,0,0,0,4,1,85,0,?
636,0,0,1,7,1,135,1,?
637,0,0,0,9,1,126,0,?
638,0,0,0,5,1,118,0,?
639,0,0,0,7,1,120,0,?
640,0,0,0,3,1,96,0,?
641,0,0,0,3,1,93,1,?
642,0,0,0,10,1,108,0,?
643,0,0,0,4,1,125,0,?
644,0,0,0,6,1,92,0,?
645,0,0,0,6,1,77,0,?
646,0,0,0,5,1,115,0,?
647,0,0,0,9,1,132,0,?
648,0,0,1,7,1,124,0,?
649,0,0,0,4,1,84,0,?
650,0,0,0,5,1,134,0,?
651,0,0,0,3,1,117,0,?
652,0,0,0,7,1,87,0,?
653,0,0,0,8,1,137,0,?
654,0,0,1,7,1,113,0,?
655,0,0,1,5,1,135,0,?
656,0,0,1,7,1,113,0,?
657,0,0,0,4,1,109,0,?
658,0,0,0,5,1,115,0,?
659,0,0,0,5,1,107,0,?
660,0,0,0,5,1,110,0,?
661,0,0,1,4,1,98,0,?
662,0,0,0,8,1,99,0,?
663,0,0,0,6,1,113,1,?
664,0,0,0,6,1,79,1,?
665,0,0,0,5,1,110,0,?
666,0,0,0,7,1,88,0,?
667,0,0,0,7,1,107,0,?
668,0,0,0,4,1,72,0,?
669,0,0,1,3,1,99,0,?
670,0,0,0,6,1,91,0,?
671,1,0,0,5,1,94,0,?
672,0,0,0,9,1,132,0,?
673,1,0,0,2,1,59,0,?
674,0,0,1,6,1,119,0,?
675,0,1,0,3,1,102,0,?
676,0,0,0,6,1,102,0,?
677,0,0,1,2,1,115,0,?
678,0,0,0,3,1,45,0,?
679,0,0,0,2,1,86,0,?
680,0,0,0,4,1,110,0,?
681,0,0,1,6,1,112,0,?
682,0,0,0,5,1,102,0,?
683,0,0,0,3,1,73,0,?
684,0,0,1,5,1,99,0,?
685,0,0,1,4,1,134,0,?
686,0,0,0,5,1,107,0,?
687,0,0,0,5,1,119,0,?
688,0,0,0,7,1,87,0,?
689,0,0,0,8,1,114,0,?
690,0,0,0,5,1,134,0,?
691,0,0,0,5,1,119,0,?
692,0,0,0,8,1,128,0,?
693,0,0,1,6,1,134,1,?
694,0,0,0,5,1,105,1,?
695,0,0,0,9,1,107,0,?
696,0,0,0,1,1,63,0,?
697,0,0,0,3,1,74,0,?
698,0,0,0,3,1,96,0,?
699,0,0,0,6,1,119,0,?
700,0,0,0,4,1,85,0,?
701,0,0,0,4,1,90,0,?
702,0,0,0,5,1,95,1,?
703,0,0,0,5,1,95,0,?
704,0,0,0,7,1,87,0,?
705,0,0,1,5,1,104,0,?
706,1,0,1,4,1,112,0,?
707,0,0,0,4,1,72,0,?
708,0,0,0,6,1,129,0,?
709,0,0,0,2,1,94,0,?
710,0,0,0,7,1,107,0,?
711,0,0,0,3,1,76,1,?
712,0,0,0,5,1,112,1,?
713,0,0,0,3,1,108,0,?
714,0,0,0,5,1,100,0,?
715,0,0,1,9,1,130,0,?
716,0,0,1,4,1,94,1,?
717,0,0,0,2,1,88,0,?
718,0,0,0,5,1,98,0,?
719,0,0,0,2,1,103,0,?
720,0,0,0,7,1,98,0,?
721,0,0,0,5,1,120,0,?
722,0,0,1,5,1,118,0,?
723,0,0,0,5,1,76,0,?
724,0,0,0,6,1,101,1,?
725,0,0,0,4,1,90,0,?
726,0,0,0,6,1,119,0,?
727,0,0,0,4,1,114,0,?
728,0,0,0,4,1,107,0,?
729,0,0,0,4,1,121,0,?
730,0,0,0,4,1,89,0,?
731,0,0,1,7,1,135,1,?
732,0,0,0,5,1,90,0,?
733,0,0,0,6,1,113,0,?
734,0,0,0,5,1,116,0,?
735,0,0,0,5,1,92,0,?
736,0,0,0,8,1,84,1,?
737,0,0,0,2,1,82,0,?
738,0,0,0,4,1,91,1,?
739,0,0,0,4,1,79,0,?
740,0,0,0,5,1,113,0,?
741,0,0,0,4,1,92,0,?
742,0,0,0,2,1,97,0,?
743,0,0,0,4,1,85,0,?
744,0,0,0,4,1,78,0,?
745,0,0,0,2,1,95,0,?
746,0,0,0,4,1,75,0,?
747,0,0,0,7,1,127,1,?
748,1,0,0,3,1,92,0,?
749,0,0,0,5,1,134,0,?
750,0,0,0,3,1,106,0,?
751,0,0,0,2,1,101,0,?
752,0,0,0,5,1,112,1,?
753,0,0,0,4,1,124,1,?
754,0,0,0,7,1,107,0,?
755,0,0,0,4,1,84,0,?
756,0,0,0,3,1,124,0,?
757,0,0,0,4,1,133,0,?
758,0,0,0,4,1,77,1,?
759,0,0,0,4,1,72,0,?
760,0,0,0,4,1,125,0,?
761,0,0,0,3,1,108,0,?
762,0,0,0,7,1,98,0,?
763,0,0,0,2,1,82,0,?
764,0,0,1,4,1,94,1,?
765,0,0,0,5,1,115,0,?
766,0,0,0,5,1,98,0,?
767,0,0,0,5,1,100,0,?
768,0,0,1,9,1,130,0,?
769,0,0,0,6,1,126,0,?
770,0,0,0,2,1,88,0,?
771,0,0,0,4,1,86,0,?
772,0,0,0,5,1,91,0,?
773,0,0,0,6,1,101,1,?
774,0,0,0,2,1,103,0,?
775,0,0,1,7,1,103,0,?
776,0,0,1,5,1,118,0,?
777,0,0,0,5,1,90,0,?
778,0,0,0,4,1,89,0,?
779,0,0,0,5,1,120,0,?
780,0,0,0,4,1,118,0,?
781,0,0,0,5,1,76,0,?
782,0,0,0,4,1,75,0,?
783,0,0,0,5,1,134,0,?
784,0,0,0,4,1,121,0,?
785,0,0,0,5,1,92,0,?
786,0,0,0,4,1,107,0,?
787,0,0,0,4,1,123,0,?
788,0,0,1,7,1,135,1,?
789,0,0,0,4,1,125,0,?
790,0,0,0,8,1,131,0,?
791,0,0,0,3,1,95,0,?
792,0,0,1,8,1,125,0,?
793,0,0,0,3,1,65,0,?
794,0,0,0,5,1,125,1,?
795,0,0,0,5,1,76,0,?
796,0,0,0,4,1,114,0,?
797,0,0,0,5,1,91,0,?
798,0,0,0,8,1,137,0,?
799,0,0,0,6,1,121,0,?
800,0,0,1,2,1,86,0,?
801,0,0,0,9,1,107,0,?
802,0,0,1,2,1,105,0,?
803,0,0,0,3,1,83,0,?
804,0,0,0,8,1,87,1,?
805,0,0,0,8,1,137,0,?
806,0,0,0,5,1,139,0,?
807,0,0,0,6,1,123,0,?
808,0,0,0,6,1,120,0,?
809,0,0,0,5,1,86,0,?
810,0,0,0,5,1,108,0,?
811,0,0,0,5,1,104,0,?
812,0,0,0,3,1,96,0,?
813,0,0,0,4,1,93,0,?
814,0,0,0,5,1,100,0,?
815,1,2,0,3,1,114,0,?
816,0,0,0,9,1,109,0,?
817,0,0,0,6,1,82,0,?
818,0,0,0,3,1,93,1,?
819,0,0,0,5,1,114,0,?
820,0,0,0,7,1,115,0,?
821,1,0,1,4,1,112,0,?
822,0,0,0,3,1,90,0,?
823,1,0,0,4,1,58,0,?
824,1,0,0,5,1,123,0,?
825,1,0,0,3,1,99,0,?
826,1,0,0,4,1,86,0,?
827,1,0,1,2,1,127,0,?
828,1,0,0,6,1,115,0,?
829,1,0,0,6,1,120,0,?
830,1,0,1,5,1,111,0,?
831,1,0,1,4,1,134,0,?
832,0,0,0,1,1,122,0,?
833,0,2,0,3,1,131,0,?
834,0,0,0,2,2,109,0,?
835,0,0,0,6,2,97,0,?
836,0,0,0,7,2,110,0,?
837,0,0,0,2,2,108,0,?
838,0,0,0,9,2,132,0,?
839,0,0,0,6,2,102,1,?
840,0,0,0,8,2,122,0,?
841,0,0,0,5,2,133,0,?
842,0,0,1,6,2,119,1,?
843,0,0,0,6,2,136,1,?
844,0,0,0,5,1,137,0,?
845,0,0,0,7,2,123,0,?
846,0,0,0,3,2,106,0,?
847,1,0,0,3,2,124,0,?
848,1,0,0,3,2,135,0,?
849,2,0,0,2,1,115,0,?
850,1,0,0,2,2,105,0,?
851,1,0,0,4,2,116,0,?
852,0,0,0,5,2,117,0,?
853,1,0,0,5,2,133,0,?
854,1,0,0,1,1,94,0,?
855,0,0,0,5,2,118,0,?
856,2,0,0,3,2,111,0,?
857,2,0,0,3,2,133,0,?
858,0,0,0,4,2,130,0,?
859,2,0,0,6,1,121,0,?
860,0,0,0,5,2,135,0,?
861,0,0,0,5,2,135,0,?
862,1,0,0,3,1,122,0,?
863,0,2,0,4,2,127,0,?
864,0,0,0,4,2,129,0,?
865,1,0,0,3,2,122,0,?
866,0,0,0,5,2,138,0,?
867,2,0,0,5,1,114,0,?
868,0,0,0,5,2,111,0,?
869,0,0,0,5,2,129,0,?
870,0,0,0,4,2,129,0,?
871,0,0,0,4,2,136,0,?
872,1,0,0,6,2,112,0,?
873,1,0,0,5,2,106,0,?
874,0,0,0,4,2,124,0,?
875,1,0,0,3,2,137,0,?
876,2,0,0,3,2,113,0,?
877,1,0,0,3,2,110,0,?
878,0,0,0,5,2,109,0,?
879,1,0,0,5,2,132,0,?
880,1,0,0,3,2,123,0,?
881,1,0,0,8,2,140,0,?
882,0,0,0,5,2,119,0,?
883,2,0,0,4,2,124,1,?
884,0,0,0,3,2,110,0,?
885,0,0,0,6,2,136,0,?
886,2,0,0,4,2,116,0,?
887,1,0,0,3,2,118,0,?
888,0,1,0,3,2,84,0,?
889,0,0,0,7,2,140,1,?
890,2,0,0,6,2,131,0,?
891,1,0,0,3,2,109,0,?
892,1,0,0,5,2,125,1,?
893,1,0,0,3,2,105,0,?
894,0,0,0,6,2,126,0,?
895,0,0,0,6,2,121,0,?
896,0,0,0,5,1,114,0,?
897,0,0,0,2,1,110,0,?
898,0,0,0,4,1,102,0,?
899,0,0,0,1,1,70,0,?
900,0,0,0,4,1,104,1,?
901,0,0,0,3,1,89,0,?
902,0,0,0,4,1,90,0,?
903,0,1,0,2,1,106,0,?
904,0,0,1,4,1,109,0,?
905,0,0,0,6,1,104,0,?
906,1,1,0,4,1,115,0,?
907,0,0,0,7,1,136,0,?
908,0,0,0,8,1,106,0,?
909,0,0,0,3,1,113,0,?
910,0,0,0,4,1,90,0,?
911,0,0,0,5,1,115,0,?
912,0,0,1,7,1,124,0,?
913,0,0,0,4,1,101,0,?
914,0,0,1,5,1,118,0,?
915,0,0,0,2,1,97,0,?
916,0,0,0,3,1,122,0,?
917,0,0,0,5,1,89,0,?
918,0,0,0,2,1,86,0,?
919,0,0,0,3,1,82,0,?
920,0,0,0,1,1,87,0,?
921,0,0,0,4,1,89,0,?
922,0,0,0,3,1,69,2,?
923,0,0,0,7,2,142,0,?
924,0,0,1,8,1,129,0,?
925,0,0,0,3,1,82,0,?
926,0,0,0,3,1,90,1,?
927,0,0,0,3,1,78,0,?
928,0,0,0,6,1,97,0,?
929,0,0,1,3,1,93,1,?
930,0,0,0,6,1,104,0,?
931,0,0,0,4,1,91,0,?
932,0,0,0,2,1,77,0,?
933,0,0,0,3,1,91,0,?
934,0,0,0,3,1,77,0,?
935,0,0,0,4,1,112,0,?
936,0,0,0,4,1,110,0,?
937,0,0,0,5,1,73,0,?
938,0,0,0,3,1,76,1,?
939,0,0,0,3,1,84,0,?
940,0,0,0,8,1,88,0,?
941,0,0,0,3,1,109,0,?
942,0,0,0,7,1,107,0,?
943,0,0,1,2,1,98,0,?
944,0,0,1,4,1,134,0,?
945,0,0,0,6,1,135,0,?
946,0,0,0,5,1,119,0,?
947,0,0,1,8,1,125,0,?
948,0,0,0,5,1,134,0,?
949,0,0,0,7,1,127,0,?
950,0,0,0,5,1,126,0,?
951,0,0,1,7,1,135,1,?
952,0,0,0,8,1,131,0,?
953,0,0,0,3,1,65,0,?
954,0,0,1,7,1,135,1,?
955,0,0,0,4,1,84,0,?
956,0,0,0,5,1,76,0,?
957,0,0,0,5,1,115,0,?
958,0,0,0,5,1,91,0,?
959,0,0,0,10,1,108,0,?
960,0,0,0,5,1,86,0,?
961,0,0,0,7,1,141,0,?
962,0,0,0,3,1,87,0,?
963,0,0,1,9,1,130,0,?
964,0,0,0,4,1,99,0,?
965,0,0,0,3,1,122,0,?
966,0,0,1,5,1,118,0,?
967,0,0,0,7,1,120,0,?
968,0,0,0,2,1,88,0,?
969,0,0,0,5,1,90,0,?
970,0,0,0,6,1,90,0,?
971,0,0,0,4,1,121,0,?
972,1,0,0,6,2,143,0,?
973,1,0,0,4,2,126,0,?
974,1,0,0,2,1,113,0,?
975,1,0,0,3,1,108,0,?
976,2,0,0,1,1,111,0,?
977,2,0,1,3,1,120,0,?
978,1,0,0,3,1,123,0,?
979,2,0,0,5,1,114,0,?
980,0,0,0,4,1,111,0,?
981,1,0,0,3,1,122,0,?
982,1,0,0,6,2,131,0,?
983,2,0,0,6,1,121,0,?
984,2,0,0,2,1,115,0,?
985,1,0,0,1,1,109,0,?
986,1,0,0,1,1,94,0,?
987,1,0,0,4,2,136,0,?
988,1,0,0,3,1,123,0,?
989,0,0,0,5,2,95,0,?
990,1,0,0,5,2,127,0,?
991,0,0,0,4,2,112,0,?
992,0,0,0,4,2,94,0,?
993,0,0,0,4,2,120,0,?
994,0,0,0,4,2,123,0,?
995,0,0,0,5,2,130,0,?
996,0,0,0,5,2,115,1,?
997,1,0,0,4,2,114,0,?
998,1,0,0,5,2,132,0,?
999,1,0,0,6,2,120,0,?
1000,1,0,0,9,2,132,0,?
1001,1,0,0,5,2,142,0,?
1002,1,0,0,3,2,125,0,?
1003,0,0,0,8,2,133,0,?
1004,0,0,0,5,2,123,0,?
1005,0,0,0,5,2,116,0,?
1006,1,0,0,2,2,121,0,?
1007,1,0,0,6,2,133,0,?
1008,1,0,0,2,2,94,0,?
1009,1,0,0,4,2,124,0,?
1010,0,0,0,7,2,121,0,?
1011,0,0,0,6,2,120,0,?
1012,2,0,0,5,2,126,0,?
1013,1,0,0,6,2,111,0,?
1014,1,0,0,5,2,107,0,?
1015,2,0,0,7,2,124,0,?
1016,2,0,0,4,2,112,0,?
1017,1,0,0,6,2,125,0,?
1018,0,0,0,5,2,121,0,?
1019,0,0,0,5,2,130,0,?
1020,1,0,0,6,2,118,0,?
1021,0,0,0,4,2,96,0,?
1022,0,0,0,5,2,113,0,?
1023,1,0,1,3,2,115,0,?
1024,1,0,0,6,2,131,1,?
1025,1,0,0,4,2,113,0,?
1026,0,0,0,5,2,125,0,?
1027,2,0,0,6,2,118,0,?
1028,1,0,0,3,2,95,0,?
1029,0,0,0,6,2,127,0,?
1030,1,0,0,4,2,114,0,?
1031,1,0,0,4,2,111,0,?
1032,0,0,0,4,2,103,0,?
1033,0,0,0,5,2,136,0,?
1034,0,0,0,2,2,106,0,?
1035,1,0,0,6,2,130,0,?
1036,1,0,0,5,2,128,0,?
1037,0,0,0,12,2,146,0,?
1038,1,0,0,4,2,133,0,?
1039,1,0,0,3,2,120,0,?
1040,0,0,0,9,2,108,0,?
1041,1,0,0,4,2,132,0,?
1042,0,0,0,7,2,138,0,?
1043,0,0,0,3,2,94,0,?
1044,1,0,0,6,2,125,0,?
1045,0,0,0,6,2,123,0,?
1046,0,0,0,7,2,131,0,?
1047,1,0,0,8,2,125,0,?
1048,1,0,0,9,2,135,0,?
1049,1,0,0,7,2,129,0,?
1050,0,0,0,6,2,110,0,?
1051,1,0,0,6,2,121,0,?
1052,0,0,0,8,2,116,0,?
1053,1,0,0,5,2,136,0,?
1054,1,0,0,7,2,138,0,?
1055,0,0,0,6,2,120,0,?
1056,2,0,1,3,1,120,0,?
1057,0,0,0,8,2,118,0,?
1058,1,0,1,6,2,121,1,?
1059,1,0,0,6,2,132,0,?
1060,1,0,0,6,2,112,0,?
1061,0,0,0,5,2,109,0,?
1062,0,0,0,7,2,99,0,?
1063,1,0,0,7,2,103,0,?
1064,1,0,0,5,2,117,0,?
1065,0,0,0,3,2,110,0,?
1066,0,0,0,7,2,111,0,?
1067,1,0,0,4,2,104,0,?
1068,1,0,0,7,2,115,0,?
1069,1,0,0,6,2,130,0,?
1070,1,0,0,9,2,127,1,?
1071,0,0,0,8,2,118,1,?
1072,1,0,0,8,2,132,0,?
1073,0,0,0,7,2,135,0,?
1074,0,0,0,7,2,129,0,?
1075,1,0,0,4,2,118,0,?
1076,1,0,0,7,2,107,0,?
1077,1,0,0,3,2,113,0,?
1078,2,0,0,3,2,129,0,?
1079,1,0,0,8,2,109,0,?
1080,1,0,0,7,2,124,0,?
1081,2,0,0,3,2,133,0,?
1082,1,0,1,7,1,125,0,?
1083,1,0,0,9,1,127,0,?
1084,1,0,0,8,1,100,0,?
1085,1,0,0,5,1,131,0,?
1086,1,0,0,6,1,132,0,?
1087,1,1,0,7,1,139,0,?
1088,1,0,0,5,1,137,1,?
1089,1,0,0,5,1,146,0,?
1090,1,0,0,4,1,137,0,?
1091,1,0,0,6,1,128,0,?
1092,1,0,0,4,1,108,0,?
1093,1,0,0,8,1,143,0,?
1094,1,0,0,6,1,89,0,?
1095,1,0,0,3,2,94,0,?
1096,1,0,1,6,1,140,1,?
1097,1,0,1,8,1,137,0,?
1098,1,0,0,3,1,77,0,?
1099,1,0,0,7,1,143,0,?
1100,1,0,0,10,1,120,0,?
1101,1,0,0,6,1,104,0,?
1102,1,0,1,4,1,119,0,?
1103,1,0,0,2,1,84,0,?
1104,1,0,1,2,1,98,0,?
1105,1,0,0,3,1,121,0,?
1106,0,0,0,4,1,94,1,?
1107,1,0,0,6,1,98,0,?
1108,1,0,0,4,1,118,0,?
1109,1,0,0,3,1,129,0,?
1110,1,0,0,7,1,125,0,?
1111,1,0,0,3,1,136,0,?
1112,1,0,0,3,1,86,0,?
1113,1,0,1,7,1,136,0,?
1114,1,0,0,8,1,118,0,?
1115,1,0,0,4,1,145,0,?
1116,1,0,0,6,1,141,0,?
1117,1,0,0,3,1,101,0,?
1118,1,0,1,6,1,145,1,?
1119,1,0,0,3,1,125,0,?
1120,1,0,0,5,1,130,0,?
1121,1,0,0,1,1,106,0,?
1122,1,0,0,3,1,110,0,?
1123,1,0,0,4,1,92,0,?
1124,1,0,0,3,1,118,0,?
1125,1,0,0,3,1,132,0,?
1126,1,0,0,3,1,114,0,?
1127,1,0,0,6,1,120,0,?
1128,1,0,0,3,1,118,0,?
1129,1,0,1,4,1,112,0,?
1130,1,0,0,1,1,93,0,?
1131,1,0,0,1,1,99,0,?
1132,0,0,0,5,1,95,1,?
1133,1,0,0,5,1,127,0,?
1134,1,0,1,3,1,128,0,?
1135,1,0,0,8,1,100,0,?
1136,1,0,0,5,1,131,0,?
1137,1,0,0,9,1,127,0,?
1138,1,0,0,5,1,146,0,?
1139,1,0,0,4,1,137,0,?
1140,1,0,0,9,1,144,0,?
1141,1,0,0,5,1,103,0,?
1142,1,0,0,6,1,124,0,?
1143,1,0,1,5,1,135,0,?
1144,1,0,0,5,1,88,0,?
1145,1,0,0,5,1,85,0,?
1146,1,0,1,9,1,138,0,?
1147,1,0,0,9,1,144,0,?
1148,1,0,0,7,1,132,0,?
1149,1,0,0,9,1,121,0,?
1150,1,0,0,5,1,90,1,?
1151,1,0,0,4,1,121,0,?
1152,1,0,1,7,1,132,0,?
1153,1,0,1,9,1,143,1,?
1154,1,0,0,6,1,99,0,?
1155,1,0,0,6,1,121,0,?
1156,1,0,0,9,1,136,0,?
1157,1,0,0,6,1,135,0,?
1158,0,0,0,6,2,143,0,?
1159,1,0,0,2,1,120,0,?
1160,2,0,0,5,2,124,0,?
1161,0,0,0,7,2,123,0,?
1162,1,0,0,5,2,124,0,?
1163,1,0,0,3,2,132,0,?
1164,1,0,0,6,2,113,0,?
1165,1,0,0,6,2,139,0,?
1166,1,0,0,3,2,122,0,?
1167,2,0,0,4,2,125,0,?
1168,0,0,0,6,2,138,0,?
1169,1,0,0,6,2,120,0,?
1170,2,0,0,7,2,121,1,?
1171,0,0,0,7,2,131,0,?
1172,1,0,0,4,2,109,0,?
1173,0,0,0,6,2,132,0,?
1174,1,0,0,7,2,122,0,?
1175,1,0,0,5,2,129,0,?
1176,1,0,0,5,2,125,0,?
1177,2,0,0,5,2,115,0,?
1178,1,0,0,6,2,113,0,?
1179,1,0,0,6,2,134,0,?
1180,1,0,0,4,2,120,0,?
1181,0,0,0,7,2,110,0,?
1182,1,0,0,4,2,125,0,?
1183,2,0,0,1,1,111,0,?
1184,0,0,0,5,2,111,0,?
1185,0,0,0,8,2,122,0,?
1186,1,0,1,5,2,117,0,?
1187,1,0,0,7,2,131,0,?
1188,0,0,0,7,2,120,0,?
1189,0,0,0,5,2,130,0,?
1190,1,0,0,7,2,110,0,?
1191,2,0,0,4,2,109,0,?
1192,1,0,0,4,2,125,0,?
1193,1,0,0,4,2,120,0,?
1194,2,0,0,7,2,106,0,?
1195,0,0,0,4,2,120,0,?
1196,3,0,0,6,2,124,0,?
1197,0,0,0,5,2,94,0,?
1198,0,0,0,5,2,108,0,?
1199,1,0,0,4,2,121,0,?
1200,0,0,0,5,2,135,0,?
1201,0,0,0,3,2,128,0,?
1202,1,0,0,4,2,142,0,?
1203,1,0,0,5,2,114,0,?
1204,1,0,0,1,1,109,0,?
1205,1,0,0,5,2,127,0,?
1206,1,0,0,6,2,126,1,?
1207,0,0,0,6,2,119,0,?
1208,0,0,0,4,2,130,0,?
1209,1,0,0,5,2,123,1,?
1210,2,0,0,3,2,133,0,?
1211,1,0,0,6,2,124,1,?
1212,1,0,0,4,2,119,0,?
1213,1,0,0,2,2,123,0,?
1214,0,0,0,2,2,114,0,?
1215,1,0,0,3,2,129,0,?
1216,1,0,0,4,2,112,0,?
1217,1,0,0,4,2,100,0,?
1218,0,0,0,5,2,118,0,?
1219,1,0,0,3,2,105,0,?
1220,0,0,0,5,2,135,0,?
1221,0,0,0,4,2,127,0,?
1222,2,0,0,5,1,138,0,?
1223,0,0,0,4,2,115,0,?
1224,2,0,0,4,2,118,1,?
1225,2,0,0,4,2,118,0,?
1226,1,0,0,2,2,135,0,?
1227,0,0,0,6,2,105,0,?
1228,0,0,0,5,2,135,0,?
1229,1,0,0,3,2,114,0,?
1230,0,0,0,5,2,121,1,?
1231,2,0,0,2,1,115,0,?
1232,0,0,0,7,2,140,1,?
1233,0,0,0,4,2,129,0,?
1234,0,0,0,5,2,138,0,?
1235,1,0,0,3,2,122,0,?
1236,1,0,0,4,2,131,0,?
1237,1,0,0,6,2,132,0,?
1238,0,0,0,5,2,115,0,?
1239,0,0,0,6,2,121,0,?
1240,0,0,0,5,2,133,0,?
1241,0,0,1,3,2,111,0,?
1242,0,0,0,4,2,126,0,?
1243,0,0,0,5,2,111,0,?
1244,1,0,0,6,2,112,0,?
1245,0,0,0,4,2,129,0,?
1246,0,0,0,4,2,124,0,?
1247,0,0,0,5,2,129,0,?
1248,0,0,0,4,2,136,0,?
1249,1,0,0,5,2,106,0,?
1250,0,0,0,5,2,109,0,?
1251,1,0,0,5,2,132,0,?
1252,1,0,0,3,2,110,0,?
1253,1,0,0,3,2,123,0,?
1254,2,0,0,3,2,113,0,?
1255,1,0,0,1,1,94,0,?
1256,1,0,0,8,2,140,0,?
1257,2,0,0,3,2,113,0,?
1258,1,0,0,3,2,137,0,?
1259,2,0,0,4,2,124,1,?
1260,0,0,0,6,2,112,1,?
1261,1,0,0,4,2,126,0,?
1262,1,0,0,3,2,118,0,?
1263,2,0,0,4,2,116,0,?
1264,0,0,0,3,2,92,0,?
1265,0,0,0,6,2,126,0,?
1266,0,0,0,5,2,119,0,?
1267,2,0,0,6,2,131,0,?
1268,1,0,0,4,2,116,0,?
1269,0,0,0,7,2,130,0,?
1270,0,0,0,5,2,131,0,?
1271,1,0,0,7,2,121,0,?
1272,1,0,0,4,2,122,0,?
1273,1,0,0,4,2,138,0,?
1274,1,0,0,5,2,133,0,?
1275,1,0,0,4,2,127,0,?
1276,0,0,0,8,2,126,0,?
1277,1,0,0,8,2,121,0,?
1278,1,0,0,5,2,123,0,?
1279,0,0,0,5,2,136,0,?
1280,0,0,0,8,2,111,0,?
1281,1,0,0,4,2,101,0,?
1282,0,0,0,7,2,120,0,?
1283,1,0,0,4,2,115,0,?
1284,0,0,0,8,2,115,0,?
1285,0,0,0,2,2,104,0,?
1286,0,0,0,5,2,131,0,?
1287,0,0,0,4,2,124,0,?
1288,1,0,0,5,2,132,0,?
1289,2,0,0,5,2,110,0,?
1290,1,0,0,4,2,95,0,?
1291,1,0,0,7,2,122,0,?
1292,2,0,0,7,2,132,0,?
1293,0,0,0,6,2,129,0,?
1294,1,0,0,5,2,128,1,?
1295,0,0,0,5,2,97,0,?
1296,0,0,0,7,2,127,0,?
1297,2,0,0,4,2,126,0,?
1298,1,0,0,5,2,134,0,?
1299,1,0,0,5,2,117,0,?
1300,0,0,0,6,2,139,0,?
1301,0,0,0,4,2,130,0,?
1302,1,0,0,4,2,123,0,?
1303,0,0,0,6,2,137,0,?
1304,1,0,0,4,2,129,0,?
1305,0,0,0,10,2,145,0,?
1306,0,0,0,6,2,119,0,?
1307,0,0,0,3,2,115,0,?
1308,1,0,0,5,2,133,0,?
1309,1,0,0,5,1,119,0,?
1310,1,0,0,3,2,109,0,?
1311,1,0,0,4,2,136,0,?
1312,1,0,0,6,2,143,0,?
1313,0,0,0,3,2,106,0,?
1314,0,0,0,5,2,131,0,?
1315,0,0,0,4,2,94,0,?
1316,0,0,0,4,2,120,0,?
1317,0,0,0,5,2,115,1,?
1318,1,0,0,2,2,121,0,?
1319,1,0,0,2,2,94,0,?
1320,0,0,0,2,2,104,0,?
1321,0,0,0,6,2,120,0,?
1322,1,0,0,3,2,128,0,?
1323,1,0,0,5,2,133,0,?
1324,1,0,0,4,2,127,0,?
1325,0,0,0,5,2,136,0,?
1326,0,0,0,4,2,130,0,?
1327,0,0,0,6,2,129,0,?
1328,2,0,0,6,1,121,0,?
1329,0,0,0,6,2,142,0,?
1330,3,0,0,4,2,122,0,?
1331,0,0,0,5,2,113,0,?
1332,1,0,0,3,2,120,0,?
1333,1,0,0,4,2,132,0,?
1334,1,0,0,4,2,133,0,?
1335,0,0,0,2,2,106,0,?
1336,0,0,0,5,2,136,0,?
1337,0,0,0,3,2,110,0,?
1338,0,0,0,3,2,94,0,?
1339,1,0,0,3,1,122,0,?
1340,0,0,0,6,2,120,0,?
1341,1,0,0,4,2,104,0,?
1342,1,0,0,5,2,117,0,?
1343,2,0,0,3,2,129,0,?
1344,1,0,0,4,2,118,0,?
1345,1,0,0,3,2,113,0,?
1346,2,0,0,4,2,125,0,?
1347,1,0,0,3,2,122,0,?
1348,0,0,0,3,2,107,0,?
1349,2,0,0,5,1,114,0,?
1350,1,0,0,3,2,132,0,?
1351,1,0,0,6,2,120,0,?
1352,1,0,0,4,2,109,0,?
1353,1,0,0,4,2,112,0,?
1354,0,0,0,3,1,101,0,?
1355,1,0,0,4,2,100,0,?
1356,2,0,0,3,2,133,0,?
1357,0,0,0,5,2,118,0,?
1358,0,0,0,4,2,115,0,?
1359,1,0,0,3,2,105,0,?
1360,0,0,0,5,2,135,0,?
1361,2,0,0,4,2,118,1,?
1362,2,0,0,4,2,118,0,?
1363,0,0,0,4,2,127,0,?
1364,0,0,0,6,2,105,0,?
1365,1,0,0,2,2,135,0,?
1366,0,0,0,5,2,121,1,?
1367,2,0,0,1,1,111,0,?
1368,1,0,0,2,2,79,0,?
1369,0,0,0,5,2,135,0,?
1370,1,0,0,3,2,114,0,?
1371,0,0,0,7,2,140,1,?
1372,1,0,0,6,2,132,0,?
1373,0,0,0,5,2,138,0,?
1374,0,0,0,4,2,129,0,?
1375,1,0,0,4,2,131,0,?
1376,0,0,0,5,2,115,0,?
1377,1,0,0,3,2,122,0,?
1378,0,0,0,3,2,119,0,?
1379,0,0,0,5,2,111,0,?
1380,0,2,0,3,2,114,0,?
1381,0,0,0,5,2,133,0,?
1382,0,0,0,6,2,121,0,?
1383,0,0,0,4,2,125,0,?
1384,1,0,0,6,2,112,0,?
1385,0,0,0,4,2,126,0,?
1386,1,0,0,5,2,106,0,?
1387,0,0,0,4,2,129,0,?
1388,1,0,0,3,2,110,0,?
1389,0,0,0,4,2,124,0,?
1390,0,0,0,4,2,136,0,?
1391,0,0,0,5,2,129,0,?
1392,1,0,0,5,2,132,0,?
1393,1,0,0,3,2,137,0,?
1394,0,0,0,5,2,109,0,?
1395,1,0,0,3,2,123,0,?
1396,2,0,0,3,2,113,0,?
1397,1,0,0,8,2,140,0,?
1398,0,0,0,5,2,117,1,?
1399,1,0,0,3,1,108,0,?
1400,2,0,0,6,2,131,0,?
1401,1,1,0,6,2,121,0,?
1402,2,0,0,4,2,116,0,?
1403,0,0,0,5,2,119,0,?
1404,1,0,0,3,2,118,0,?
1405,0,0,0,6,2,126,0,?
1406,1,0,0,3,2,109,0,?
1407,0,0,0,5,2,115,1,?
1408,1,0,0,6,2,143,0,?
1409,0,0,0,6,2,120,0,?
1410,1,0,0,4,2,126,0,?
1411,1,0,0,2,1,113,0,?
1412,1,0,0,4,2,136,0,?
1413,0,0,0,4,2,94,0,?
1414,1,0,0,2,2,121,0,?
1415,0,0,0,4,2,120,0,?
1416,1,0,0,2,2,94,0,?
1417,1,0,1,3,2,118,1,?
1418,1,0,0,4,2,135,0,?
1419,1,0,0,2,2,117,0,?
1420,1,0,0,4,2,127,1,?
1421,1,0,0,5,2,130,0,?
1422,1,0,0,3,1,108,0,?
1423,0,0,0,4,2,100,0,?
1424,1,0,0,4,2,118,0,?
1425,1,0,0,2,2,106,0,?
1426,1,0,0,5,2,124,0,?
1427,1,0,0,3,2,112,0,?
1428,1,0,0,5,2,129,0,?
1429,0,0,0,4,2,120,0,?
1430,1,0,0,4,2,106,0,?
1431,1,0,0,7,2,130,0,?
1432,0,0,0,5,2,126,0,?
1433,1,0,0,5,2,129,0,?
1434,1,0,0,4,2,124,0,?
1435,1,0,0,6,1,124,0,?
1436,1,0,0,4,2,123,0,?
1437,1,1,0,2,2,118,0,?
1438,1,0,0,4,2,86,0,?
1439,0,0,0,3,2,120,0,?
1440,1,0,0,3,2,100,0,?
1441,0,0,0,4,2,128,0,?
1442,1,0,0,3,2,94,0,?
1443,1,0,0,3,2,135,0,?
1444,1,0,0,2,2,79,0,?
1445,0,0,0,4,2,96,0,?
1446,1,0,0,3,2,134,0,?
1447,1,0,0,4,2,116,0,?
1448,1,0,0,3,2,115,0,?
1449,1,0,0,3,2,124,0,?
1450,0,1,0,3,2,84,0,?
1451,0,0,0,5,2,117,0,?
1452,1,0,0,2,1,113,0,?
1453,1,0,0,4,2,128,0,?
1454,0,0,0,4,2,125,0,?
1455,0,0,0,4,2,104,0,?
1456,1,0,0,2,2,105,0,?
1457,2,0,0,2,2,132,0,?
1458,0,0,0,4,2,136,0,?
1459,2,0,0,3,2,111,0,?
1460,0,0,0,4,2,131,0,?
1461,1,0,0,4,2,121,0,?
1462,0,0,0,6,2,127,1,?
1463,0,0,0,11,2,145,0,?
1464,0,0,0,5,2,131,0,?
1465,1,0,0,5,2,133,0,?
1466,1,0,0,4,2,127,0,?
1467,0,0,0,6,2,129,0,?
1468,0,0,0,5,2,136,0,?
1469,0,0,0,2,2,106,0,?
1470,0,0,0,2,2,104,0,?
1471,0,0,0,4,2,130,0,?
1472,0,0,0,5,2,113,0,?
1473,0,0,0,10,2,145,0,?
1474,1,0,1,3,2,115,0,?
1475,0,0,0,4,2,96,0,?
1476,1,0,0,4,2,132,0,?
1477,0,0,0,5,2,136,0,?
1478,3,0,0,4,2,122,0,?
1479,0,0,0,3,2,94,0,?
1480,0,0,0,6,2,120,0,?
1481,1,0,0,3,2,120,0,?
1482,0,0,0,3,2,110,0,?
1483,1,0,0,3,2,113,0,?
1484,1,0,0,5,2,117,0,?
1485,0,0,1,3,2,127,0,?
1486,1,0,0,4,2,104,0,?
1487,1,0,0,4,2,118,0,?
1488,2,0,0,3,2,129,0,?
1489,1,0,0,3,2,122,0,?
1490,1,0,0,3,2,132,0,?
1491,0,0,0,3,2,107,0,?
1492,2,0,0,4,2,125,0,?
1493,1,0,0,4,2,109,0,?
1494,1,0,0,6,2,120,0,?
1495,0,0,0,5,2,131,1,?
1496,0,0,0,7,2,110,0,?
1497,2,0,0,4,2,109,0,?
1498,1,0,0,2,2,117,0,?
1499,1,1,0,4,2,114,0,?
1500,1,0,0,8,2,120,0,?
1501,1,0,0,4,2,125,0,?
1502,1,0,0,4,2,142,0,?
1503,0,0,0,3,2,128,0,?
1504,1,0,1,3,2,118,1,?
1505,1,0,0,2,2,106,0,?
1506,1,0,0,4,2,135,0,?
1507,1,0,0,4,2,127,1,?
1508,1,0,0,1,1,109,0,?
1509,0,0,0,5,2,126,0,?
1510,1,0,0,4,2,118,0,?
1511,1,0,0,5,2,129,0,?
1512,1,0,0,5,2,130,0,?
1513,2,0,0,3,2,113,0,?
1514,1,0,0,7,2,130,0,?
1515,0,0,0,4,2,120,0,?
1516,1,0,0,6,1,124,0,?
1517,1,0,0,4,2,106,0,?
1518,1,0,0,5,2,129,0,?
1519,1,0,0,4,2,124,0,?
1520,1,0,0,4,2,123,0,?
1521,1,0,0,4,2,86,0,?
1522,0,0,0,3,2,120,0,?
1523,0,0,1,4,2,98,0,?
1524,0,0,0,6,2,101,0,?
1525,1,0,0,3,2,100,0,?
1526,1,0,0,3,2,135,0,?
1527,1,0,0,3,2,94,0,?
1528,1,0,0,3,2,115,0,?
1529,0,0,0,4,2,128,0,?
1530,1,0,0,3,2,134,0,?
1531,1,0,0,3,2,124,0,?
1532,1,0,0,4,2,128,0,?
1533,0,0,0,4,2,96,0,?
1534,0,0,0,4,2,111,0,?
1535,1,0,0,4,2,116,0,?
1536,1,0,0,4,2,128,0,?
1537,1,0,0,2,1,96,0,?
1538,1,0,0,3,2,128,0,?
1539,0,1,0,3,2,84,0,?
1540,2,0,0,2,1,115,0,?
1541,0,0,0,4,2,136,0,?
1542,0,0,0,5,2,135,0,?
1543,1,0,0,2,2,105,0,?
1544,2,0,0,2,2,132,0,?
1545,1,0,0,4,2,121,0,?
1546,0,0,0,4,2,131,0,?
1547,2,0,0,3,2,111,0,?
1548,2,0,0,4,2,118,0,?
1549,0,0,0,6,2,127,1,?
1550,0,0,0,4,2,104,0,?
1551,1,1,0,4,2,111,0,?
1552,0,0,0,11,2,145,0,?
1553,0,0,0,6,2,119,0,?
1554,1,0,0,5,2,127,0,?
1555,1,0,0,5,2,114,0,?
1556,0,0,1,4,2,98,0,?
1557,1,0,0,5,2,125,1,?
1558,0,0,0,7,2,124,0,?
1559,1,0,0,4,2,119,0,?
1560,0,0,0,4,2,130,0,?
1561,1,0,0,6,2,124,1,?
1562,1,0,0,4,2,100,0,?
1563,0,0,0,2,2,114,0,?
1564,1,0,0,2,2,123,0,?
1565,0,0,0,5,2,135,0,?
1566,1,0,0,3,2,129,0,?
1567,1,0,0,4,2,112,0,?
1568,1,0,0,3,2,105,0,?
1569,1,0,0,5,2,123,1,?
1570,2,0,0,3,2,133,0,?
1571,0,0,0,5,2,118,0,?
1572,1,1,0,5,2,115,0,?
1573,1,0,0,2,2,79,0,?
1574,1,0,1,3,2,118,1,?
1575,1,0,0,4,2,142,0,?
1576,2,0,0,4,2,109,0,?
1577,1,0,0,4,2,127,1,?
1578,0,0,0,3,2,128,0,?
1579,1,0,0,4,2,135,0,?
1580,1,0,0,2,2,117,0,?
1581,1,0,0,5,2,124,0,?
1582,0,0,0,4,2,125,0,?
1583,0,0,0,3,2,110,0,?
1584,0,0,0,4,2,100,0,?
1585,1,0,0,4,2,118,0,?
1586,1,0,0,2,2,106,0,?
1587,1,0,0,4,2,86,0,?
1588,1,0,0,5,2,130,0,?
1589,1,0,0,5,2,129,0,?
1590,0,0,0,5,2,126,0,?
1591,2,0,0,3,2,113,0,?
1592,1,0,0,7,2,130,0,?
1593,1,0,0,3,2,105,0,?
1594,1,0,0,6,1,124,0,?
1595,1,0,0,4,2,123,0,?
1596,1,0,0,5,2,129,0,?
1597,1,0,0,4,2,124,0,?
1598,1,0,0,3,2,100,0,?
1599,0,0,0,3,2,120,0,?
1600,1,0,0,3,2,128,0,?
1601,1,0,0,3,1,123,0,?
1602,1,0,0,3,2,135,0,?
1603,0,0,0,4,2,128,0,?
1604,1,0,0,3,2,115,0,?
1605,1,0,0,3,2,134,0,?
1606,1,0,0,3,2,124,0,?
1607,1,0,0,4,2,128,0,?
1608,0,0,0,4,2,96,0,?
1609,0,0,0,5,2,117,0,?
1610,0,1,0,3,2,84,0,?
1611,1,0,0,4,2,116,0,?
1612,2,0,0,2,2,132,0,?
1613,2,0,0,3,2,111,0,?
1614,1,0,0,2,2,105,0,?
1615,0,0,0,4,2,131,0,?
1616,1,0,0,4,2,121,0,?
1617,2,0,0,6,2,130,0,?
1618,0,0,0,4,2,136,0,?
1619,0,0,0,6,2,127,1,?
1620,0,0,0,4,2,104,0,?
1621,2,0,0,4,2,118,0,?
1622,0,0,0,6,2,119,0,?
1623,0,0,0,11,2,145,0,?
1624,1,0,0,5,2,114,0,?
1625,1,0,0,5,2,127,0,?
1626,1,1,0,6,2,122,0,?
1627,1,0,0,6,2,126,1,?
1628,0,0,0,4,2,130,0,?
1629,2,0,1,3,1,120,0,?
1630,1,0,0,5,2,123,1,?
1631,1,0,0,6,2,124,1,?
1632,1,0,0,4,2,128,0,?
1633,1,0,0,4,2,119,0,?
1634,1,0,0,3,2,129,0,?
1635,1,0,0,5,2,122,0,?
1636,1,0,0,1,1,94,0,?
1637,2,0,0,5,1,138,0,?
1638,0,0,0,5,2,135,0,?
1639,0,0,0,4,2,115,0,?
1640,0,0,0,4,2,127,0,?
1641,0,0,0,5,2,121,1,?
1642,1,0,0,7,2,119,0,?
1643,0,0,0,6,2,105,0,?
1644,2,0,0,4,2,118,0,?
1645,1,0,0,2,2,135,0,?
1646,1,0,0,5,2,129,0,?
1647,0,0,0,7,2,117,0,?
1648,1,0,0,3,2,114,0,?
1649,0,0,0,7,2,140,1,?
1650,0,0,0,3,2,119,0,?
1651,1,0,0,6,2,132,0,?
1652,2,0,0,6,1,121,0,?
1653,0,0,0,5,2,115,0,?
1654,0,0,0,4,2,129,0,?
1655,1,0,0,4,2,131,0,?
1656,0,0,0,5,2,138,0,?
1657,0,0,0,5,2,133,0,?
1658,1,0,0,6,2,112,0,?
1659,1,0,0,3,2,122,0,?
1660,0,2,0,4,2,127,0,?
1661,0,0,0,4,2,125,0,?
1662,0,0,0,6,2,121,0,?
1663,0,0,0,4,2,115,0,?
1664,0,0,0,5,2,111,0,?
1665,0,0,0,4,2,126,0,?
1666,0,0,0,4,2,129,0,?
1667,1,0,0,5,2,106,0,?
1668,1,0,0,3,2,110,0,?
1669,0,0,0,4,2,136,0,?
1670,0,0,0,4,2,124,0,?
1671,1,0,0,5,2,132,0,?
1672,1,0,0,3,2,123,0,?
1673,0,0,0,5,2,129,0,?
1674,0,0,0,5,2,109,0,?
1675,1,0,0,8,2,140,0,?
1676,2,0,0,3,2,113,0,?
1677,1,0,0,3,2,137,0,?
1678,1,0,0,3,2,109,0,?
1679,0,0,0,6,2,126,0,?
1680,1,0,0,6,2,143,0,?
1681,0,0,0,3,2,92,0,?
1682,0,0,0,4,2,99,0,?
1683,0,0,0,3,2,106,0,?
1684,1,0,0,4,2,126,0,?
1685,1,0,0,4,2,136,0,?
1686,0,0,0,6,2,119,1,?
1687,2,0,0,5,1,114,0,?
1688,0,0,0,4,2,120,0,?
1689,0,0,0,4,2,94,0,?
1690,1,0,0,2,2,94,0,?
1691,0,0,0,6,2,120,0,?
1692,0,0,0,5,2,115,1,?
1693,1,0,0,4,2,127,0,?
1694,1,0,0,2,2,121,0,?
1695,1,0,0,5,2,133,0,?
1696,0,0,0,2,2,104,0,?
1697,0,0,0,5,2,131,0,?
1698,0,0,0,5,2,136,0,?
1699,3,0,0,4,2,122,0,?
1700,0,0,0,5,2,112,0,?
1701,0,0,0,6,2,129,0,?
1702,0,0,0,6,2,142,0,?
1703,0,0,0,5,2,113,0,?
1704,0,0,0,2,2,106,0,?
1705,1,0,0,4,2,133,0,?
1706,0,0,0,5,2,136,0,?
1707,1,0,0,3,2,120,0,?
1708,1,0,0,4,2,104,0,?
1709,0,0,0,3,2,94,0,?
1710,1,0,0,4,2,132,0,?
1711,0,0,0,6,2,120,0,?
1712,1,0,0,3,2,111,0,?
1713,0,0,0,3,2,110,0,?
1714,1,0,0,5,2,117,0,?
1715,1,0,0,3,2,122,0,?
1716,0,0,0,3,2,107,0,?
1717,1,0,0,4,2,118,0,?
1718,2,0,0,3,2,129,0,?
1719,1,0,0,3,2,132,0,?
1720,2,0,0,4,2,125,0,?
1721,0,0,0,5,2,131,1,?
1722,0,0,0,5,2,105,0,?
1723,1,0,0,4,2,125,0,?
1724,1,0,0,4,2,109,0,?
1725,1,0,0,3,1,123,0,?
1726,2,0,0,4,2,109,0,?
1727,1,0,0,6,2,120,0,?
1728,1,0,0,2,2,79,0,?
1729,1,1,0,5,2,115,0,?
1730,1,0,1,3,2,118,1,?
1731,0,0,0,3,2,128,0,?
1732,1,0,0,4,2,135,0,?
1733,1,0,0,4,2,142,0,?
1734,1,0,0,4,2,127,1,?
1735,1,0,0,2,2,117,0,?
1736,0,0,0,4,2,100,0,?
1737,1,0,0,5,2,124,0,?
1738,1,0,0,6,2,116,0,?
1739,1,0,0,4,2,118,0,?
1740,1,0,0,6,1,124,0,?
1741,1,0,0,2,2,106,0,?
1742,0,0,0,4,2,125,0,?
1743,0,0,0,4,2,100,0,?
1744,0,0,0,4,2,125,0,?
1745,1,0,0,5,2,124,0,?
1746,1,0,1,5,2,128,0,?
1747,1,0,0,5,2,129,0,?
1748,2,0,0,3,2,113,0,?
1749,1,0,0,7,2,130,0,?
1750,1,0,0,4,2,124,0,?
1751,1,0,0,5,2,129,0,?
1752,1,0,0,4,2,106,0,?
1753,1,0,0,4,2,86,0,?
1754,2,0,1,3,1,120,0,?
1755,1,0,0,4,2,123,0,?
1756,1,0,0,3,2,100,0,?
1757,0,0,0,4,2,104,0,?
1758,0,0,0,3,2,120,0,?
1759,0,0,0,5,2,130,0,?
1760,1,0,0,3,2,135,0,?
1761,1,0,0,3,2,115,0,?
1762,0,0,0,4,2,128,0,?
1763,1,0,0,4,2,107,0,?
1764,1,0,0,3,2,134,0,?
1765,1,0,0,4,2,128,0,?
1766,1,0,0,3,2,124,0,?
1767,0,0,0,5,2,117,0,?
1768,1,0,0,4,2,116,0,?
1769,1,0,0,3,2,128,0,?
1770,0,1,0,3,2,84,0,?
1771,2,0,0,2,2,132,0,?
1772,2,0,0,3,2,111,0,?
1773,0,0,0,7,2,116,1,?
1774,0,0,0,4,2,131,0,?
1775,2,0,0,1,1,111,0,?
1776,0,0,0,4,2,104,0,?
1777,1,0,0,2,2,105,0,?
1778,0,0,0,11,2,145,0,?
1779,1,0,0,4,2,121,0,?
1780,0,0,1,6,2,128,0,?
1781,0,0,0,6,2,127,1,?
1782,0,0,0,4,2,136,0,?
1783,1,0,0,5,2,127,0,?
1784,2,0,0,4,2,118,0,?
1785,1,0,0,5,2,114,0,?
1786,0,0,0,6,2,119,0,?
1787,1,1,0,5,2,121,0,?
1788,0,0,0,4,2,130,0,?
1789,1,0,0,5,2,125,1,?
1790,1,0,0,6,2,124,1,?
1791,1,0,0,2,2,94,0,?
1792,1,0,0,4,2,127,0,?
1793,0,0,0,6,2,120,0,?
1794,0,0,0,5,2,136,0,?
1795,1,0,0,1,1,109,0,?
1796,0,0,0,4,2,130,0,?
1797,0,0,0,2,2,104,0,?
1798,0,0,0,4,2,104,1,?
1799,0,0,0,10,2,145,0,?
1800,0,0,0,6,2,129,0,?
1801,1,0,1,3,2,115,0,?
1802,0,0,0,4,2,96,0,?
1803,0,0,0,5,2,113,0,?
1804,0,0,0,5,2,136,0,?
1805,1,0,0,3,2,130,0,?
1806,0,0,0,3,2,94,0,?
1807,3,0,0,4,2,122,0,?
1808,1,0,0,3,2,120,0,?
1809,0,0,0,2,2,106,0,?
1810,1,0,0,4,2,132,0,?
1811,2,0,0,2,1,115,0,?
1812,1,0,0,4,2,104,0,?
1813,0,0,0,6,2,120,0,?
1814,1,0,0,3,2,117,0,?
1815,1,0,0,7,2,119,0,?
1816,1,0,0,5,2,117,0,?
1817,1,0,0,3,2,113,0,?
1818,0,0,0,3,2,110,0,?
1819,2,0,0,3,2,129,0,?
1820,1,0,0,3,2,132,0,?
1821,1,0,0,4,2,118,0,?
1822,2,0,0,4,2,125,0,?
1823,0,0,0,3,2,107,0,?
1824,1,0,0,4,2,109,0,?
1825,1,0,0,3,2,122,0,?
1826,1,0,0,6,2,120,0,?
1827,0,0,0,7,2,110,0,?
1828,0,0,0,4,2,103,0,?
1829,0,0,0,5,2,131,1,?
1830,1,1,0,4,2,114,0,?
1831,1,0,0,4,2,125,0,?
1832,1,0,0,1,1,94,0,?
1833,2,0,0,4,2,109,0,?
1834,0,0,0,3,2,128,0,?
1835,1,0,0,4,2,142,0,?
1836,1,0,1,3,2,118,1,?
1837,1,0,0,2,2,117,0,?
1838,1,0,0,4,2,135,0,?
1839,1,0,0,5,2,124,0,?
1840,1,0,0,4,2,127,1,?
1841,1,0,0,2,2,106,0,?
1842,1,0,0,6,2,119,0,?
1843,0,0,0,4,2,100,0,?
1844,1,0,0,5,2,130,0,?
1845,2,0,0,3,2,113,0,?
1846,1,0,0,7,2,130,0,?
1847,1,0,0,5,2,129,0,?
1848,1,0,0,6,1,124,0,?
1849,0,0,0,5,2,126,0,?
1850,0,0,0,4,2,120,0,?
1851,1,0,0,4,2,123,0,?
1852,1,0,0,5,2,129,0,?
1853,1,0,0,4,2,124,0,?
1854,0,0,0,5,2,112,0,?
1855,1,0,0,3,2,118,0,?
1856,1,1,0,2,2,106,0,?
1857,0,0,0,6,2,118,0,?
1858,1,0,0,3,1,122,0,?
1859,0,0,0,3,2,99,0,?
1860,2,0,0,4,2,124,1,?
1861,2,0,0,4,2,116,0,?
1862,2,0,0,6,2,131,0,?
1863,0,0,0,5,2,119,0,?
1864,0,0,0,4,2,99,0,?
1865,1,0,0,4,2,106,0,?
1866,0,0,0,3,2,120,0,?
1867,1,0,0,4,2,86,0,?
1868,1,0,0,3,2,100,0,?
1869,1,0,0,3,2,115,0,?
1870,0,0,0,5,2,114,0,?
1871,0,0,0,4,2,123,0,?
1872,1,0,0,4,2,107,0,?
1873,1,0,0,3,2,94,0,?
1874,0,0,0,4,2,128,0,?
1875,1,0,0,3,2,134,0,?
1876,0,0,0,4,2,96,0,?
1877,1,0,0,4,2,121,0,?
1878,0,0,0,4,2,126,0,?
1879,1,0,0,4,2,128,0,?
1880,2,0,0,2,2,132,0,?
1881,0,0,0,4,2,131,0,?
1882,0,0,0,4,2,136,0,?
1883,1,0,0,5,2,127,0,?
1884,0,0,0,4,2,104,0,?
1885,0,0,0,11,2,145,0,?
1886,0,0,0,6,2,127,1,?
1887,2,0,0,4,2,118,0,?
1888,1,0,0,5,2,114,0,?
1889,0,0,0,6,2,119,0,?
1890,1,0,0,3,2,129,0,?
1891,0,0,0,6,2,92,0,?
1892,0,0,0,2,2,129,0,?
1893,1,0,0,4,2,119,0,?
1894,1,0,0,6,2,124,1,?
1895,1,0,0,2,2,123,0,?
1896,0,0,0,2,2,114,0,?
1897,1,0,0,4,2,100,0,?
1898,1,0,0,4,2,112,0,?
1899,0,0,0,6,2,109,0,?
1900,1,0,0,5,2,123,1,?
1901,0,0,0,7,2,130,1,?
1902,0,0,0,4,2,127,0,?
1903,2,0,0,4,2,118,1,?
1904,1,0,0,2,2,135,0,?
1905,0,0,0,5,2,121,1,?
1906,0,0,0,4,2,115,0,?
1907,0,0,0,4,2,118,0,?
1908,2,0,0,4,2,118,0,?
1909,0,0,0,3,1,103,0,?
1910,0,0,0,3,1,113,0,?
1911,0,0,0,2,2,110,0,?
1912,0,0,0,5,2,115,0,?
1913,0,0,1,2,1,108,0,?
1914,0,0,0,6,1,105,0,?
1915,0,0,0,3,1,121,0,?
1916,0,0,0,4,1,80,0,?
1917,0,0,0,3,2,121,0,?
1918,0,0,0,4,2,114,1,?
1919,0,0,0,3,1,85,0,?
1920,0,0,0,4,1,93,0,?
1921,0,0,0,2,1,80,0,?
1922,0,0,0,4,1,117,0,?
1923,0,0,0,3,1,76,0,?
1924,0,0,0,2,1,110,0,?
1925,0,0,0,3,1,112,0,?
1926,0,0,0,3,1,61,0,?
1927,0,0,0,2,1,99,0,?
1928,0,0,0,4,1,69,1,?
1929,0,0,0,4,1,102,0,?
1930,0,0,0,2,1,116,0,?
1931,0,0,0,1,1,78,0,?
1932,1,0,0,3,1,114,0,?
1933,0,0,0,1,1,110,0,?
1934,0,0,0,3,1,88,0,?
1935,0,0,0,4,1,114,0,?
1936,0,0,0,4,1,116,0,?
1937,0,0,0,1,1,76,0,?
1938,0,0,0,2,1,119,0,?
1939,0,0,0,5,1,124,0,?
1940,0,0,0,2,1,73,0,?
1941,0,0,0,2,1,92,0,?
1942,0,0,0,1,1,90,0,?
1943,0,0,0,3,1,80,0,?
1944,0,0,0,4,2,116,0,?
1945,0,0,0,3,1,96,0,?
1946,0,0,0,3,1,102,0,?
1947,0,0,0,1,1,94,0,?
1948,0,0,0,2,1,103,0,?
1949,0,0,0,6,1,100,0,?
1950,0,0,0,4,1,91,2,?
1951,0,0,0,2,1,84,0,?
1952,0,0,0,2,1,95,0,?
1953,0,0,0,2,1,112,0,?
1954,0,0,0,6,1,104,1,?
1955,0,0,0,4,1,99,0,?
1956,0,0,0,3,1,93,0,?
1957,0,0,0,4,1,117,0,?
1958,0,0,0,3,1,95,0,?
1959,0,0,0,3,1,87,0,?
1960,0,0,0,3,1,96,0,?
1961,0,0,1,2,1,80,0,?
1962,0,0,0,2,1,69,1,?
1963,0,0,0,6,1,122,0,?
1964,0,0,0,1,1,78,0,?
1965,0,0,0,3,2,134,0,?
1966,1,0,0,5,2,119,0,?
1967,1,0,0,5,1,129,0,?
1968,1,0,0,5,1,137,0,?
1969,0,0,0,4,1,133,0,?
1970,0,0,0,2,1,123,0,?
1971,1,0,0,8,2,132,0,?
1972,0,0,0,5,2,126,0,?
1973,1,0,0,6,2,124,1,?
1974,1,0,0,4,2,119,0,?
1975,2,0,0,3,2,133,0,?
1976,1,0,0,3,2,129,0,?
1977,1,0,0,4,2,100,0,?
1978,1,0,0,5,2,129,0,?
1979,1,0,0,4,2,112,0,?
1980,1,0,0,5,2,123,1,?
1981,0,0,0,5,2,118,0,?
1982,2,0,0,5,1,138,0,?
1983,1,0,0,3,2,105,0,?
1984,0,0,1,4,2,98,0,?
1985,0,0,0,6,2,128,0,?
1986,2,0,0,4,2,118,1,?
1987,0,0,0,5,2,135,0,?
1988,1,0,0,3,1,108,0,?
1989,0,0,0,4,2,115,0,?
1990,0,0,0,4,2,127,0,?
1991,1,0,0,2,2,135,0,?
1992,1,0,0,4,2,131,0,?
1993,0,0,0,6,2,105,0,?
1994,1,0,0,3,2,114,0,?
1995,0,0,0,4,2,129,0,?
1996,0,0,0,5,2,121,1,?
1997,0,0,0,5,2,135,0,?
1998,1,0,0,3,2,102,0,?
1999,0,0,0,7,2,140,1,?
2000,0,0,0,5,2,133,0,?
2001,1,0,0,6,2,132,0,?
2002,0,0,0,5,2,138,0,?
2003,0,0,0,3,2,119,0,?
2004,1,0,0,3,2,122,0,?
2005,0,0,0,6,2,121,0,?
2006,0,0,1,3,2,111,0,?
2007,0,0,0,5,2,111,0,?
2008,1,0,0,4,2,124,0,?
2009,0,0,0,4,2,129,0,?
2010,1,0,0,2,1,113,0,?
2011,0,0,0,4,2,126,0,?
2012,1,0,0,6,2,112,0,?
2013,1,0,0,5,2,106,0,?
2014,0,0,0,4,2,136,0,?
2015,0,0,0,4,2,124,0,?
2016,1,0,0,3,2,110,0,?
2017,1,0,0,5,2,132,0,?
2018,0,0,0,5,2,129,0,?
2019,2,0,0,3,2,113,0,?
2020,2,0,0,7,2,129,0,?
2021,1,1,0,5,2,120,0,?
2022,1,0,0,3,2,123,0,?
2023,1,0,0,8,2,140,0,?
2024,2,0,0,4,2,124,1,?
2025,0,0,0,5,2,109,0,?
2026,1,0,0,3,2,137,0,?
2027,2,0,0,4,2,116,0,?
2028,0,0,0,3,2,99,0,?
2029,1,0,0,3,2,109,0,?
2030,0,0,0,2,2,129,0,?
2031,1,0,0,3,2,118,0,?
2032,0,0,0,6,2,126,0,?
2033,2,0,0,6,2,131,0,?
2034,1,0,0,6,2,143,0,?
2035,0,0,0,3,2,106,0,?
2036,0,0,0,6,2,113,0,?
2037,2,0,0,2,1,115,0,?
2038,1,0,0,4,2,136,0,?
2039,0,0,0,4,2,120,0,?
2040,0,0,0,5,2,131,0,?
2041,0,0,0,5,2,115,1,?
2042,0,0,0,4,2,94,0,?
2043,1,0,0,5,2,133,0,?
2044,1,0,0,2,2,121,0,?
2045,0,0,0,3,1,72,0,?
2046,0,0,0,5,1,93,0,?
2047,1,0,0,3,1,105,0,?
2048,0,0,0,1,1,103,0,?
2049,0,0,0,1,1,68,0,?
2050,0,0,0,4,2,125,0,?
2051,0,0,0,3,1,124,0,?
2052,0,0,0,5,1,109,0,?
2053,1,0,0,2,1,90,0,?
2054,1,0,0,5,1,119,0,?
2055,1,0,0,4,1,103,0,?
2056,1,0,0,2,1,73,0,?
2057,0,0,0,6,2,140,0,?
2058,2,0,0,4,1,97,0,?
2059,0,0,0,3,1,141,0,?
2060,1,0,0,3,1,127,0,?
2061,2,0,0,5,2,111,0,?
2062,2,0,1,2,2,125,0,?
2063,1,0,0,3,1,136,0,?
2064,1,0,0,3,2,103,0,?
2065,0,0,0,2,1,81,0,?
2066,0,0,0,5,1,116,0,?
2067,1,0,0,2,1,137,0,?
2068,1,0,0,3,2,84,0,?
2069,0,1,0,1,1,89,0,?
2070,0,0,0,4,2,101,0,?
2071,0,0,0,3,1,84,0,?
2072,0,0,0,3,1,101,0,?
2073,1,0,0,5,2,138,0,?
2074,0,0,0,2,1,96,0,?
2075,0,0,0,2,2,119,0,?
2076,1,0,0,4,2,124,0,?
2077,0,0,0,1,1,89,0,?
2078,1,1,0,4,1,138,0,?
2079,0,0,0,2,1,110,0,?
2080,1,0,0,2,1,68,0,?
2081,1,1,0,6,1,137,0,?
2082,0,0,0,5,2,105,0,?
2083,0,0,0,7,2,97,1,?
2084,0,0,0,4,2,104,0,?
2085,1,0,0,3,1,105,1,?
2086,0,0,0,4,2,132,0,?
2087,0,0,0,2,2,109,0,?
2088,0,0,0,5,2,133,0,?
2089,0,0,0,4,2,138,0,?
2090,0,0,0,3,2,111,0,?
2091,0,0,1,4,2,125,1,?
2092,0,0,0,1,1,56,0,?
2093,0,0,0,2,2,87,0,?
2094,0,0,0,4,2,139,0,?
2095,0,0,0,3,1,121,0,?
2096,0,0,0,2,1,72,0,?
2097,0,0,0,5,1,106,0,?
2098,0,0,0,3,1,81,0,?
2099,0,0,0,4,1,90,0,?
2100,0,0,0,7,1,127,0,?
2101,0,0,0,2,1,65,0,?
2102,0,0,0,4,1,95,0,?
2103,0,0,0,5,2,137,0,?
2104,0,0,0,3,2,119,0,?
2105,0,0,0,2,1,78,0,?
2106,0,0,0,3,1,76,0,?
2107,0,0,0,1,1,103,0,?
2108,0,0,0,6,2,112,0,?
2109,0,0,0,4,2,105,0,?
2110,0,0,0,4,2,102,0,?
2111,0,0,1,2,1,96,0,?
2112,0,0,0,4,1,78,0,?
2113,0,0,0,4,1,79,0,?
2114,0,0,0,3,1,85,0,?
2115,0,0,0,2,2,94,0,?
2116,0,0,0,3,1,78,0,?
2117,0,0,1,1,1,67,0,?
2118,0,0,0,6,1,85,0,?
2119,0,0,0,3,1,69,0,?
2120,0,0,0,6,1,121,0,?
2121,0,0,0,2,1,85,0,?
2122,0,0,0,3,1,129,0,?
2123,0,0,0,4,1,113,0,?
2124,0,0,1,4,1,108,0,?
2125,0,0,0,2,1,73,0,?
2126,0,0,0,4,2,137,0,?
2127,0,0,0,4,1,86,0,?
2128,0,0,0,3,1,95,0,?
2129,0,0,0,5,2,114,0,?
2130,0,0,0,3,1,111,1,?
2131,0,0,0,5,1,132,0,?
2132,0,2,1,6,1,142,0,?
2133,0,0,0,5,1,73,0,?
2134,0,0,0,3,2,103,0,?
2135,1,1,0,3,0,121,0,?
2136,0,0,0,1,1,67,0,?
2137,1,1,0,4,0,137,0,?
2138,0,0,1,4,1,100,0,?
2139,1,2,0,5,0,103,0,?
2140,1,1,0,3,0,140,0,?
2141,0,0,0,3,1,73,0,?
2142,0,0,0,4,2,121,0,?
2143,0,0,0,2,2,88,0,?
2144,0,0,0,4,1,93,0,?
2145,0,0,0,4,1,107,0,?
2146,0,0,0,1,1,60,0,?
2147,0,0,0,3,1,93,0,?
2148,0,0,0,4,1,89,0,?
2149,0,0,0,5,1,93,1,?
2150,0,0,0,1,1,103,0,?
2151,0,0,0,1,1,92,0,?
2152,0,0,0,4,2,123,0,?
2153,0,0,0,6,2,105,0,?
2154,1,0,0,6,2,132,0,?
2155,0,0,0,4,2,123,0,?
2156,0,0,0,5,2,133,0,?
2157,1,0,0,3,2,114,0,?
2158,0,0,0,5,2,135,0,?
2159,1,0,0,4,2,131,0,?
2160,0,0,0,5,2,133,0,?
2161,0,0,0,3,2,119,0,?
2162,0,0,0,6,2,124,0,?
2163,0,0,0,7,2,116,0,?
2164,0,0,0,6,2,118,0,?
2165,1,0,0,6,2,127,0,?
2166,0,0,0,6,2,114,0,?
2167,0,0,0,7,2,124,1,?
2168,0,0,0,5,2,94,0,?
2169,0,0,0,6,2,123,1,?
2170,0,0,1,8,2,125,1,?
2171,2,0,0,3,2,127,0,?
2172,1,0,0,3,2,92,0,?
2173,0,1,0,4,2,139,0,?
2174,0,0,0,2,1,117,0,?
2175,0,0,1,8,1,134,0,?
2176,1,0,0,4,2,101,0,?
2177,0,0,0,3,2,96,0,?
2178,0,0,0,4,2,114,1,?
2179,0,0,0,4,1,141,0,?
2180,0,0,0,3,2,134,0,?
2181,0,0,0,3,1,96,0,?
2182,0,0,0,2,0,74,0,?
2183,0,0,0,6,1,121,0,?
2184,0,0,0,2,1,85,0,?
2185,0,0,0,2,1,72,0,?
2186,0,0,0,2,1,80,0,?
2187,0,0,0,2,1,103,0,?
2188,0,0,0,6,2,113,0,?
2189,0,0,0,5,1,81,0,?
2190,0,0,0,2,1,72,0,?
2191,0,0,0,3,1,78,0,?
2192,0,0,0,4,2,95,0,?
2193,0,0,0,5,2,113,0,?
2194,0,0,0,4,2,127,0,?
2195,0,0,0,4,1,112,0,?
2196,0,0,0,7,1,145,0,?
2197,0,0,0,3,1,130,0,?
2198,0,0,1,7,1,145,0,?
2199,0,0,0,4,2,135,0,?
2200,0,0,0,3,1,123,0,?
2201,0,0,0,5,2,116,0,?
2202,0,0,0,5,2,139,0,?
2203,0,0,0,4,2,109,1,?
2204,0,0,0,5,1,134,0,?
2205,0,0,0,4,2,136,0,?
2206,0,0,0,4,2,106,1,?
2207,0,0,0,6,2,124,0,?
2208,0,0,1,2,1,74,0,?
2209,0,0,0,2,1,99,0,?
2210,0,0,0,5,1,140,0,?
2211,0,0,0,5,1,117,0,?
2212,0,0,0,7,2,122,0,?
2213,0,1,0,4,2,120,0,?
2214,0,0,0,1,1,71,0,?
2215,0,0,0,6,2,124,0,?
2216,0,1,0,1,1,112,0,?
2217,0,0,1,3,1,62,0,?
2218,0,0,0,2,1,84,0,?
2219,0,0,0,2,2,131,0,?
2220,0,1,0,3,1,121,0,?
2221,0,0,0,2,2,134,0,?
2222,0,0,0,3,1,114,0,?
2223,0,0,0,3,1,104,0,?
2224,0,0,0,3,2,107,0,?
2225,0,1,0,4,2,100,0,?
2226,0,0,0,1,1,50,0,?
2227,0,0,0,5,2,98,0,?
2228,0,0,1,3,1,72,0,?
2229,0,0,0,6,1,136,0,?
2230,0,0,0,8,2,124,0,?
2231,0,0,0,6,1,147,0,?
2232,0,0,0,1,1,99,0,?
2233,0,0,0,2,1,77,0,?
2234,0,0,0,4,1,99,0,?
2235,0,0,1,2,1,70,0,?
2236,0,0,0,2,1,70,0,?
2237,0,0,0,3,1,79,0,?
2238,0,0,0,4,1,102,0,?
2239,0,0,0,2,2,111,0,?
2240,0,0,1,2,1,73,0,?
2241,0,0,0,6,2,123,0,?
2242,1,3,1,3,0,125,0,?
2243,1,1,4,6,1,133,0,?
2244,1,0,3,6,1,122,0,?
2245,1,0,0,3,1,114,0,?
2246,0,1,2,3,1,77,0,?
2247,0,0,0,8,1,125,0,?
2248,1,0,1,3,1,107,0,?
2249,1,0,1,3,1,108,0,?
2250,0,1,2,4,2,126,0,?
2251,0,0,0,5,2,124,0,?
2252,1,2,0,4,0,116,0,?
2253,2,2,1,4,2,144,0,?
2254,2,2,1,5,1,141,0,?
2255,1,0,0,2,2,62,0,?
2256,0,0,0,5,1,84,0,?
2257,0,0,1,6,2,132,0,?
2258,1,2,1,2,1,105,0,?
2259,0,0,0,4,1,89,0,?
2260,0,2,0,3,1,105,0,?
2261,0,1,0,2,1,97,0,?
2262,0,0,0,2,1,59,1,?
2263,2,1,0,3,1,137,0,?
2264,1,1,0,2,2,129,0,?
2265,1,2,0,4,0,137,0,?
2266,2,0,1,6,2,136,0,?
2267,1,2,0,6,0,117,0,?
2268,1,2,0,4,0,123,0,?
2269,1,2,0,6,0,142,0,?
2270,2,0,1,3,1,119,0,?
2271,1,2,1,6,0,144,0,?
2272,1,1,0,3,2,126,0,?
2273,1,2,0,7,0,121,0,?
2274,0,0,0,6,2,115,1,?
2275,1,2,0,4,1,102,0,?
2276,1,2,0,6,0,139,0,?
2277,1,2,0,5,0,123,0,?
2278,1,1,0,4,2,106,0,?
2279,0,0,0,1,1,71,0,?
2280,0,0,0,4,1,93,0,?
2281,1,2,0,5,2,123,0,?
2282,0,0,0,4,1,94,0,?
2283,0,0,1,2,1,81,0,?
2284,0,0,0,3,2,115,0,?
2285,0,0,0,3,1,93,0,?
2286,0,0,0,2,1,97,0,?
2287,0,0,0,2,1,91,0,?
2288,0,2,0,1,1,62,0,?
2289,0,0,0,2,1,85,0,?
2290,0,6,0,3,1,141,0,?
2291,0,0,0,5,1,88,0,?
2292,0,0,0,2,1,74,0,?
2293,0,0,0,3,1,91,0,?
2294,0,0,2,3,2,119,0,?
2295,0,6,0,3,1,141,0,?
2296,0,1,1,1,1,101,0,?
2297,0,6,0,2,1,139,0,?
2298,0,0,0,5,1,109,0,?
2299,0,0,0,3,2,140,0,?
2300,0,0,0,4,1,133,0,?
2301,0,0,0,3,2,126,0,?
2302,0,0,0,3,1,120,0,?
2303,0,0,0,4,1,77,0,?
2304,0,0,0,9,2,133,0,?
2305,2,1,1,4,1,132,0,?
2306,1,0,0,4,2,118,0,?
2307,0,0,0,3,1,130,0,?
2308,1,0,0,5,1,122,0,?
2309,0,2,1,5,0,146,0,?
2310,1,0,0,2,2,100,0,?
2311,1,1,0,8,2,134,0,?
2312,0,0,0,7,2,121,0,?
2313,0,1,2,4,2,113,0,?
2314,1,0,0,3,2,94,0,?
2315,0,0,0,2,1,77,0,?
2316,0,0,0,3,2,85,0,?
2317,0,0,0,5,1,81,0,?
2318,0,0,0,6,1,126,0,?
2319,0,0,0,3,1,123,0,?
2320,0,2,2,5,2,143,0,?
2321,1,0,0,4,1,79,0,?
2322,1,0,0,5,2,104,0,?
2323,1,0,0,3,2,96,0,?
2324,0,0,0,1,1,114,0,?
2325,1,2,0,5,2,107,0,?
2326,1,0,0,8,1,143,0,?
2327,0,1,0,4,2,122,0,?
2328,0,0,0,1,1,58,0,?
2329,1,0,0,3,2,94,0,?
2330,0,0,0,2,2,111,0,?
2331,0,0,0,6,1,137,0,?
2332,1,0,0,3,2,96,0,?
2333,0,0,0,4,1,107,1,?
2334,0,0,0,7,1,143,0,?
2335,0,0,0,3,2,94,0,?
2336,1,0,0,5,2,127,0,?
2337,1,1,0,5,2,137,0,?
2338,0,0,0,6,2,136,0,?
2339,0,0,0,4,1,107,0,?
2340,0,0,0,3,1,112,0,?
2341,0,0,0,3,2,99,0,?
2342,0,2,1,6,1,108,0,?
2343,0,0,0,2,1,82,0,?
2344,0,0,0,2,1,63,0,?
2345,0,0,0,2,1,96,0,?
2346,1,1,0,5,2,95,0,?
2347,0,0,0,2,1,66,0,?
2348,1,0,0,6,2,100,0,?
2349,1,0,0,5,2,87,0,?
2350,0,0,0,5,2,93,0,?
2351,1,0,0,3,2,101,0,?
2352,0,0,0,3,1,108,0,?
2353,0,0,0,6,2,117,1,?
2354,0,0,0,7,2,119,0,?
2355,0,0,0,3,2,99,0,?
2356,0,0,0,3,2,91,0,?
2357,0,0,0,2,2,97,0,?
2358,0,0,0,6,1,124,0,?
2359,0,0,0,2,2,94,0,?
2360,0,0,0,3,1,75,0,?
2361,0,0,0,2,1,88,0,?
2362,1,0,0,4,1,114,0,?
2363,0,0,0,3,2,103,0,?
2364,0,0,0,3,1,74,0,?
2365,0,0,0,2,2,110,0,?
2366,0,0,0,4,2,137,0,?
2367,0,0,0,5,2,139,0,?
2368,0,0,1,5,1,114,0,?
2369,0,1,2,3,2,85,0,?
2370,0,0,0,4,1,108,0,?
2371,0,0,0,5,2,119,1,?
2372,0,1,0,6,1,140,0,?
2373,0,0,0,5,1,105,0,?
2374,0,0,0,3,2,126,0,?
2375,0,0,0,3,1,134,0,?
2376,0,0,1,3,1,126,0,?
2377,0,0,0,2,2,117,0,?
2378,0,0,0,2,1,111,0,?
2379,0,0,0,4,2,116,0,?
2380,0,0,0,2,1,84,0,?
2381,0,0,0,5,2,117,0,?
2382,0,0,1,3,2,107,0,?
2383,0,0,1,3,1,60,0,?
2384,0,0,1,2,2,105,0,?
2385,0,1,2,6,2,132,0,?
2386,0,0,0,3,1,117,0,?
2387,0,0,1,2,1,110,0,?
2388,0,0,1,5,1,123,0,?
2389,0,0,0,6,2,135,0,?
2390,0,0,0,6,2,103,0,?
2391,0,0,0,3,1,64,0,?
2392,0,0,0,3,2,125,0,?
2393,0,0,0,4,1,80,0,?
2394,0,0,0,4,2,95,0,?
2395,0,0,0,4,1,78,0,?
2396,0,0,0,3,2,110,0,?
2397,0,0,0,4,2,127,0,?
2398,0,0,0,6,2,115,0,?
2399,0,0,1,4,1,132,0,?
2400,0,0,0,3,2,113,0,?
2401,0,0,0,2,1,62,0,?
2402,0,0,0,2,1,78,0,?
2403,1,2,0,5,1,125,0,?
2404,0,0,0,5,1,129,0,?
2405,0,0,0,3,1,101,0,?
2406,0,0,0,2,1,54,0,?
2407,1,2,1,4,1,119,0,?
2408,0,0,0,2,1,81,0,?
2409,0,0,0,6,2,96,0,?
2410,0,0,0,3,1,83,0,?
2411,1,1,0,4,1,122,0,?
2412,0,0,0,2,2,107,0,?
2413,0,0,0,3,2,113,0,?
2414,0,0,0,6,1,143,0,?
2415,0,0,0,6,2,132,1,?
2416,0,0,0,5,1,132,0,?
2417,0,0,0,3,2,92,0,?
2418,0,0,1,3,2,92,0,?
2419,0,0,0,4,2,121,0,?
2420,0,0,0,3,2,135,1,?
2421,0,0,0,3,1,96,0,?
2422,0,0,0,5,2,124,0,?
2423,0,0,0,4,2,140,0,?
2424,0,0,1,7,1,133,0,?
2425,0,0,0,2,1,91,0,?
2426,0,0,1,2,1,68,0,?
2427,0,0,0,2,1,77,0,?
2428,0,1,0,4,1,101,0,?
2429,0,0,0,3,2,131,0,?
2430,0,0,0,5,2,137,0,?
2431,0,0,0,7,2,141,1,?
2432,0,0,0,1,1,78,0,?
2433,0,0,0,2,2,88,0,?
2434,0,0,0,4,1,92,0,?
2435,0,0,0,6,2,141,0,?
2436,0,0,0,3,2,89,0,?
2437,1,1,0,4,0,118,0,?
2438,1,0,0,5,2,115,0,?
2439,0,2,0,5,0,135,0,?
2440,0,2,0,11,0,138,1,?
2441,0,1,0,6,1,116,0,?
2442,0,2,1,6,0,132,0,?
2443,0,0,0,2,1,107,0,?
2444,0,0,0,4,2,108,0,?
2445,0,0,0,2,2,106,0,?
2446,0,0,0,4,2,141,0,?
2447,1,1,1,5,2,142,0,?
2448,1,1,0,5,2,124,0,?
2449,0,0,0,2,2,100,0,?
2450,0,0,0,2,1,62,0,?
2451,0,1,0,6,1,141,0,?
2452,1,1,0,6,2,142,0,?
2453,0,2,0,4,1,143,0,?
2454,0,2,1,6,1,141,0,?
2455,1,1,0,3,0,144,0,?
2456,1,2,0,4,0,101,0,?
2457,0,0,0,3,1,82,0,?
2458,0,0,0,3,1,88,0,?
2459,0,0,1,3,2,139,0,?
2460,0,0,0,3,1,89,0,?
2461,0,1,0,2,1,82,0,?
2462,1,1,0,6,2,126,0,?
2463,0,0,0,1,1,64,0,?
2464,0,2,0,6,1,142,0,?
2465,0,0,0,2,1,68,0,?
2466,1,1,0,6,2,134,0,?
2467,2,1,0,3,1,131,0,?
2468,0,0,0,4,1,126,0,?
2469,1,2,0,5,0,122,0,?
2470,1,2,0,5,0,143,0,?
2471,1,2,0,7,0,145,0,?
2472,0,0,0,2,1,112,0,?
2473,0,0,0,3,1,68,1,?
2474,1,0,0,5,1,113,1,?
2475,0,0,0,4,1,103,0,?
2476,0,0,0,3,1,67,0,?
2477,0,0,1,3,1,78,0,?
2478,0,0,0,1,1,87,0,?
2479,0,0,0,5,1,142,0,?
2480,1,2,0,5,0,100,0,?
2481,0,0,1,4,1,101,1,?
2482,0,0,0,3,1,97,0,?
2483,1,2,0,5,0,138,0,?
2484,1,2,0,7,0,145,0,?
2485,0,0,0,3,1,79,0,?
2486,0,0,0,5,1,121,1,?
2487,0,0,1,3,1,119,0,?
2488,0,0,0,5,1,144,0,?
2489,0,0,0,7,1,131,1,?
2490,0,0,0,4,1,106,0,?
2491,0,2,0,3,1,102,0,?
2492,1,2,0,4,0,144,0,?
2493,1,2,0,4,0,138,0,?
2494,0,0,0,2,1,98,0,?
2495,0,0,0,3,2,133,0,?
2496,1,2,0,4,0,145,0,?
2497,0,0,0,5,1,126,1,?
2498,0,0,0,1,1,117,0,?
2499,0,2,0,4,1,116,0,?
2500,0,0,0,2,1,71,0,?
2501,0,0,1,2,1,94,0,?
2502,0,0,0,3,1,67,0,?
2503,0,0,0,4,1,71,0,?
2504,0,0,0,3,1,119,0,?
2505,0,0,0,3,1,100,0,?
2506,0,0,0,2,1,108,0,?
2507,0,0,0,4,1,97,0,?
2508,0,0,0,1,1,55,0,?
2509,0,0,0,3,1,95,0,?
2510,0,0,0,4,1,113,1,?
2511,0,0,0,2,1,68,0,?
2512,0,0,0,2,1,93,0,?
2513,0,0,0,4,1,89,0,?
2514,0,0,0,2,2,120,0,?
2515,0,0,0,3,2,111,0,?
2516,0,0,0,3,2,123,0,?
2517,0,0,1,5,2,130,0,?
2518,0,0,0,5,2,108,0,?
2519,0,0,0,3,1,85,0,?
2520,0,0,0,3,2,114,0,?
2521,0,0,1,3,2,121,0,?
2522,0,0,0,5,1,136,0,?
2523,0,0,0,5,1,142,0,?
2524,0,0,0,2,2,137,0,?
2525,0,0,0,4,1,122,0,?
2526,0,0,0,1,1,81,0,?
2527,0,0,0,5,1,104,1,?
2528,0,0,0,6,1,125,0,?
2529,0,0,0,1,1,83,0,?
2530,0,0,1,5,1,127,0,?
2531,0,0,0,4,2,134,0,?
2532,0,0,0,2,1,86,0,?
2533,0,0,0,2,2,110,0,?
2534,0,0,0,4,1,87,0,?
2535,0,0,0,1,1,86,0,?
2536,0,0,0,1,1,81,0,?
2537,0,1,0,4,1,96,0,?
2538,4,1,2,3,1,126,0,?
2539,0,0,0,4,1,80,1,?
2540,0,0,0,3,1,104,0,?
2541,0,1,0,6,1,83,0,?
2542,0,0,0,4,1,96,0,?
2543,0,0,0,5,2,135,1,?
2544,0,0,1,1,1,67,0,?
2545,0,0,0,5,2,100,0,?
2546,0,0,0,5,1,126,0,?
2547,0,0,0,4,2,141,0,?
2548,0,0,0,4,2,108,0,?
2549,0,0,0,4,1,123,0,?
2550,0,0,0,5,2,117,0,?
2551,0,0,0,8,2,140,1,?
2552,0,0,0,2,2,108,0,?
2553,0,0,0,6,2,141,0,?
2554,0,0,0,5,2,115,0,?
2555,0,0,0,3,2,108,0,?
2556,0,0,0,3,2,134,0,?
2557,0,0,0,4,2,122,0,?
2558,0,0,0,3,2,90,0,?
2559,0,0,0,8,2,122,0,?
2560,0,1,0,5,1,104,0,?
2561,0,0,0,3,1,96,0,?
2562,0,0,0,5,1,65,0,?
2563,0,0,1,2,1,115,0,?
2564,0,0,0,4,2,124,0,?
2565,0,0,0,3,1,125,1,?
2566,0,0,1,6,1,78,0,?
2567,0,0,0,6,2,140,1,?
2568,1,0,0,3,1,92,0,?
2569,0,0,0,4,1,139,0,?
2570,0,0,0,4,2,104,1,?
2571,0,0,0,5,2,126,0,?
2572,0,0,0,2,1,100,0,?
2573,0,0,0,4,1,125,0,?
2574,0,0,0,4,1,142,0,?
2575,0,1,0,2,1,76,0,?
2576,0,0,0,7,2,137,0,?
2577,1,0,0,3,2,123,0,?
2578,0,0,0,4,2,100,1,?
2579,0,0,0,4,2,126,1,?
2580,0,0,0,4,2,112,0,?
2581,0,0,0,3,2,83,0,?
2582,0,0,0,7,1,123,1,?
2583,1,0,0,3,1,132,0,?
2584,0,0,0,3,2,106,0,?
2585,0,0,0,4,1,133,0,?
2586,0,0,0,5,2,97,0,?
2587,0,0,0,3,1,105,0,?
2588,0,0,0,3,2,131,0,?
2589,0,0,0,4,2,122,0,?
2590,0,0,0,4,2,129,0,?
2591,0,0,0,3,2,122,0,?
2592,0,0,0,8,2,122,0,?
2593,0,0,0,2,2,106,0,?
2594,1,0,0,5,2,127,0,?
2595,0,0,0,6,2,114,0,?
2596,1,0,0,3,2,140,0,?
2597,0,0,0,3,1,84,0,?
2598,0,0,0,4,1,95,0,?
2599,0,0,0,2,2,114,0,?
2600,0,0,0,3,2,129,0,?
2601,0,1,0,0,0,69,0,?
2602,1,1,0,3,2,132,0,?
2603,1,0,0,6,2,121,0,?
2604,1,1,0,3,1,138,0,?
2605,0,0,0,6,2,129,0,?
2606,1,0,0,4,2,135,0,?
2607,1,0,1,2,2,119,0,?
2608,0,0,0,2,2,105,0,?
2609,1,0,0,3,2,126,0,?
2610,1,0,0,6,2,133,0,?
2611,1,1,0,2,2,129,0,?
2612,0,0,0,4,2,130,0,?
2613,0,0,0,1,1,78,0,?
2614,0,0,0,2,1,137,0,?
2615,0,0,1,9,1,136,2,?
2616,2,0,1,2,1,138,0,?
2617,0,0,0,3,1,131,0,?
2618,0,0,0,6,1,104,0,?
2619,1,1,0,3,1,140,0,?
2620,1,0,0,3,1,133,0,?
2621,0,1,0,4,1,107,0,?
2622,0,0,0,2,2,133,0,?
2623,0,0,0,2,2,111,0,?
2624,1,1,1,2,0,91,0,?
2625,0,0,0,6,1,140,0,?
2626,0,0,0,4,2,114,0,?
2627,0,0,0,3,1,139,0,?
2628,1,0,0,2,1,124,0,?
2629,0,0,0,3,1,90,1,?
2630,0,1,0,5,1,144,0,?
2631,0,0,1,4,2,124,0,?
2632,2,0,0,4,1,111,0,?
2633,1,0,0,7,2,143,0,?
2634,0,0,1,2,2,114,0,?
2635,0,0,0,3,2,132,0,?
2636,0,0,0,3,1,139,0,?
2637,1,0,0,3,2,124,0,?
2638,1,2,2,1,0,137,0,?
2639,2,2,1,4,0,149,0,?
2640,1,0,0,3,1,109,0,?
2641,0,0,0,10,1,142,0,?
2642,0,0,0,4,2,126,0,?
2643,0,0,0,2,2,79,0,?
2644,1,2,0,5,0,121,0,?
2645,1,2,0,6,0,142,0,?
2646,1,2,0,4,1,117,0,?
2647,1,2,0,3,0,131,0,?
2648,1,0,0,4,2,111,0,?
2649,0,0,0,2,1,70,0,?
2650,0,0,1,3,2,134,0,?
2651,1,1,0,6,1,131,0,?
2652,1,0,0,4,1,140,0,?
2653,0,1,0,4,1,135,0,?
2654,1,0,0,3,2,139,0,?
2655,1,1,0,2,1,82,0,?
2656,0,2,1,5,1,144,0,?
2657,0,0,1,4,1,87,0,?
2658,0,0,0,5,2,133,0,?
2659,1,1,0,3,2,136,0,?
2660,1,1,0,4,1,125,0,?
2661,0,1,0,6,1,146,0,?
2662,1,1,0,5,2,142,0,?
2663,2,0,0,4,1,133,0,?
2664,0,0,0,5,2,132,0,?
2665,1,2,1,4,0,145,0,?
2666,0,0,0,4,1,137,0,?
2667,1,1,0,5,1,141,0,?
2668,2,2,0,5,0,117,0,?
2669,1,0,1,5,2,136,0,?
2670,1,2,0,5,0,95,0,?
2671,1,2,0,7,0,128,0,?
2672,1,2,0,5,0,129,0,?
2673,1,2,0,5,0,130,0,?
2674,1,0,0,6,1,131,0,?
2675,1,2,0,6,0,124,0,?
2676,1,2,1,8,0,125,0,?
2677,1,2,0,5,1,126,0,?
2678,0,1,0,2,1,88,0,?
2679,1,0,1,5,2,136,0,?
2680,0,0,0,2,1,92,0,?
2681,0,0,0,1,1,80,0,?
2682,0,0,0,2,1,80,0,?
2683,0,0,0,6,2,123,0,?
2684,0,1,0,3,1,135,0,?
2685,0,1,0,3,1,70,0,?
2686,1,0,0,5,1,113,0,?
2687,0,0,0,2,1,67,0,?
2688,1,0,0,2,1,78,0,?
2689,0,0,0,2,1,84,0,?
2690,0,1,0,4,1,87,0,?
2691,1,0,0,2,1,104,1,?
2692,0,0,0,3,1,91,0,?
2693,0,4,0,5,1,128,0,?
2694,1,2,0,5,1,134,0,?
2695,0,0,0,2,1,90,0,?
2696,0,0,0,4,1,68,0,?
2697,0,0,0,2,1,96,0,?
2698,0,0,1,7,1,139,1,?
2699,0,0,0,2,1,62,0,?
2700,0,1,0,2,1,99,0,?
2701,0,0,0,5,2,116,0,?
2702,0,0,0,3,2,130,0,?
2703,0,0,0,4,2,111,0,?
2704,0,0,0,3,2,103,0,?
2705,0,0,0,6,2,118,0,?
2706,1,1,0,3,1,107,0,?
2707,0,1,1,5,1,127,0,?
2708,0,0,0,4,1,99,0,?
2709,0,0,0,4,2,104,0,?
2710,0,0,0,5,1,110,0,?
2711,0,0,0,2,2,121,0,?
2712,0,0,0,5,1,136,0,?
2713,1,0,0,4,1,99,0,?
2714,1,0,0,3,2,134,0,?
2715,0,0,0,8,1,143,0,?
2716,1,0,0,3,2,111,0,?
2717,0,0,0,3,1,140,0,?
2718,0,0,0,1,1,112,0,?
2719,0,0,3,3,2,138,0,?
2720,0,0,0,5,2,133,0,?
2721,0,0,1,4,2,134,0,?
2722,0,1,0,9,2,139,0,?
2723,1,0,0,4,3,136,0,?
2724,2,1,0,4,1,128,0,?
2725,0,0,0,4,2,138,0,?
2726,0,0,1,3,2,93,0,?
2727,0,0,0,4,2,118,0,?
2728,0,0,1,4,2,120,0,?
2729,0,0,0,3,2,135,0,?
2730,0,0,0,4,2,139,0,?
2731,0,0,0,4,1,121,0,?
2732,0,0,0,4,2,106,0,?
2733,0,0,0,5,2,119,0,?
2734,0,0,0,3,1,136,0,?
2735,0,0,0,5,2,143,0,?
2736,0,0,0,2,2,119,0,?
2737,0,0,1,6,2,134,0,?
2738,1,0,0,5,2,126,0,?
2739,1,0,0,8,1,142,0,?
2740,1,0,0,7,2,128,0,?
2741,0,0,0,5,1,84,0,?
2742,0,0,0,2,2,109,0,?
2743,1,0,0,5,2,126,0,?
2744,0,0,0,4,2,111,0,?
2745,1,0,0,5,2,124,0,?
2746,1,0,1,7,1,136,0,?
2747,1,0,0,4,1,102,0,?
2748,1,0,0,3,2,114,0,?
2749,0,0,0,2,2,128,0,?
2750,0,0,0,5,1,85,0,?
2751,0,0,0,6,2,109,0,?
2752,0,0,0,2,2,125,0,?
2753,0,0,0,4,1,102,0,?
2754,0,0,0,1,1,74,0,?
2755,1,0,0,5,1,109,0,?
2756,1,0,1,2,2,134,0,?
2757,0,0,0,2,1,77,0,?
2758,1,0,0,3,1,88,1,?
2759,0,0,0,3,2,100,0,?
2760,1,1,1,2,0,85,0,?
2761,0,0,0,2,1,94,0,?
2762,1,0,0,3,2,93,0,?
2763,0,0,0,7,1,103,0,?
2764,0,0,0,3,1,112,0,?
2765,0,0,0,4,2,120,0,?
2766,1,0,0,4,1,127,0,?
2767,0,0,0,2,1,113,0,?
2768,0,0,0,5,1,103,0,?
2769,0,0,0,2,2,115,0,?
2770,1,0,0,6,2,124,0,?
2771,0,0,0,3,2,135,0,?
2772,0,0,0,3,1,104,0,?
2773,1,0,1,4,1,117,0,?
2774,0,0,0,4,2,132,0,?
2775,0,0,0,3,2,89,0,?
2776,0,0,0,2,1,76,0,?
2777,1,0,0,7,1,122,2,?
2778,0,0,0,4,1,78,0,?
2779,0,0,0,6,1,138,0,?
2780,0,0,0,1,1,63,0,?
2781,0,0,0,3,1,109,0,?
2782,0,5,1,3,0,145,0,?
2783,0,0,3,8,1,146,1,?
2784,0,0,0,1,1,87,0,?
2785,0,0,1,4,2,123,0,?
2786,0,0,0,3,1,112,0,?
2787,0,0,0,4,1,113,0,?
2788,0,0,1,4,2,129,0,?
2789,0,0,0,3,1,114,0,?
2790,0,0,0,3,2,102,0,?
2791,0,0,0,3,1,114,0,?
2792,0,0,0,1,1,69,0,?
2793,0,0,0,2,1,79,0,?
2794,0,0,1,3,1,110,0,?
2795,1,1,1,4,0,126,0,?
2796,0,0,0,3,2,127,0,?
2797,0,0,0,1,1,97,0,?
2798,0,0,0,2,1,71,0,?
2799,0,0,0,2,1,107,0,?
2800,0,0,0,5,2,83,0,?
2801,0,0,0,5,2,79,0,?
2802,1,2,1,5,0,133,0,?
2803,1,2,0,2,0,103,0,?
2804,1,1,0,5,2,128,0,?
2805,1,2,0,5,0,145,0,?
2806,1,2,0,4,0,124,0,?
2807,1,2,0,3,0,116,0,?
2808,1,2,0,5,0,124,0,?
2809,0,0,0,6,2,91,0,?
2810,0,0,0,1,1,115,0,?
2811,0,2,1,6,1,140,0,?
2812,0,1,0,3,1,100,0,?
2813,1,0,0,9,2,135,0,?
2814,0,2,1,5,1,124,0,?
2815,0,0,0,1,1,89,0,?
2816,0,2,1,2,1,127,0,?
2817,0,0,0,4,1,81,0,?
2818,1,0,0,10,1,105,0,?
2819,0,0,0,5,2,132,1,?
2820,0,0,0,3,2,136,0,?
2821,0,0,0,5,1,125,1,?
2822,0,0,0,5,2,93,1,?
2823,0,0,0,8,2,121,0,?
2824,0,0,0,7,1,131,2,?
2825,0,0,0,4,1,134,0,?
2826,0,0,0,4,1,127,0,?
2827,0,0,0,6,2,112,0,?
2828,0,0,0,3,2,115,0,?
2829,0,0,0,5,2,115,1,?
2830,0,0,1,4,1,89,1,?
2831,0,0,0,4,2,140,0,?
2832,0,0,0,6,1,136,0,?
2833,0,0,0,7,1,144,0,?
2834,1,0,0,4,0,108,0,?
2835,0,0,0,4,1,126,0,?
2836,0,0,0,2,1,100,0,?
2837,0,0,1,2,0,94,0,?
2838,1,0,0,2,0,58,0,?
2839,2,0,0,3,0,95,0,?
2840,1,0,0,1,0,100,0,?
2841,1,0,0,3,0,120,0,?
2842,1,0,0,3,0,87,0,?
2843,1,0,0,2,1,81,0,?
2844,1,0,0,2,0,128,0,?
2845,1,0,0,2,0,104,0,?
2846,0,0,0,4,2,100,0,?
2847,1,0,0,3,1,141,0,?
2848,2,1,1,3,1,120,0,?
2849,1,0,0,1,0,72,0,?
2850,2,0,0,2,1,130,0,?
2851,1,0,1,2,2,104,0,?
2852,0,0,0,4,1,131,1,?
2853,0,0,0,4,2,138,0,?
2854,0,1,0,3,2,117,0,?
2855,0,0,0,4,2,123,0,?
2856,0,0,0,5,2,137,1,?
2857,0,0,0,3,2,140,0,?
2858,1,1,0,5,2,137,0,?
2859,1,1,0,6,0,99,0,?
2860,1,2,0,5,0,139,0,?
2861,0,0,0,2,2,98,0,?
2862,0,0,0,7,2,96,0,?
2863,1,2,0,6,0,132,0,?
2864,0,0,0,6,2,124,1,?
2865,1,2,0,5,0,145,0,?
2866,0,0,0,2,1,85,0,?
2867,0,0,0,5,2,88,1,?
2868,0,1,0,3,1,111,0,?
2869,0,0,0,3,1,78,0,?
2870,0,0,0,5,1,133,0,?
2871,0,0,0,3,1,60,0,?
2872,0,0,0,3,1,96,0,?
2873,0,0,0,3,1,83,0,?
2874,0,0,0,4,1,63,0,?
2875,0,0,0,6,1,82,0,?
2876,0,0,1,3,1,84,0,?
2877,0,0,0,2,1,69,0,?
2878,0,0,0,5,1,103,0,?
2879,0,1,0,4,1,136,0,?
2880,0,0,0,3,2,121,0,?
2881,0,0,0,4,1,99,0,?
2882,0,0,0,2,1,66,0,?
2883,0,0,0,3,2,125,0,?
2884,0,0,0,3,1,86,0,?
2885,0,0,0,6,1,79,0,?
2886,0,0,0,1,1,68,0,?
2887,0,0,0,1,1,78,0,?
2888,0,0,0,5,1,103,0,?
2889,0,0,0,2,1,58,0,?
2890,0,0,0,5,2,132,1,?
2891,0,0,0,3,1,61,0,?
2892,0,0,0,2,1,75,0,?
2893,0,0,0,3,1,84,0,?
2894,1,0,0,9,2,135,0,?
2895,0,0,0,3,1,76,0,?
2896,0,0,0,2,1,99,0,?
2897,0,0,1,2,1,78,0,?
2898,0,0,0,3,1,80,0,?
2899,0,0,0,4,1,109,0,?
2900,0,0,0,2,1,92,0,?
2901,0,0,0,4,1,86,0,?
2902,0,0,0,3,2,125,0,?
2903,0,0,0,2,1,76,0,?
2904,0,0,0,5,1,108,1,?
2905,0,0,0,5,2,136,0,?
2906,1,1,1,2,0,111,0,?
2907,1,0,0,3,1,77,1,?
2908,0,0,0,5,1,94,0,?
2909,0,0,0,3,1,80,0,?
2910,0,0,0,3,1,69,0,?
2911,0,0,0,2,1,115,0,?
2912,0,0,0,6,1,121,0,?
2913,0,0,0,4,1,128,0,?
2914,0,0,0,4,2,116,0,?
2915,0,0,0,2,2,124,0,?
2916,0,0,0,5,2,117,0,?
2917,0,0,1,7,2,108,0,?
2918,0,0,1,3,1,64,0,?
2919,0,0,0,7,1,135,0,?
2920,0,0,0,3,2,93,0,?
2921,0,0,0,2,2,98,0,?
2922,0,0,0,2,1,73,0,?
2923,0,0,0,5,1,144,0,?
2924,0,0,0,4,2,102,0,?
2925,0,0,0,5,2,108,0,?
2926,0,0,0,3,2,96,0,?
2927,0,0,0,2,2,90,0,?
2928,0,0,0,2,1,98,0,?
2929,0,0,0,7,2,140,0,?
2930,0,0,0,3,2,120,0,?
2931,0,0,1,5,1,108,0,?
2932,0,0,0,3,1,129,0,?
2933,0,0,0,2,2,119,0,?
2934,0,0,0,5,1,128,0,?
2935,0,0,0,3,1,78,0,?
2936,0,0,1,7,2,135,0,?
2937,0,0,1,4,2,123,0,?
2938,0,0,0,8,2,126,2,?
2939,0,0,1,3,1,131,0,?
2940,0,0,0,4,1,101,0,?
2941,0,0,0,2,1,71,0,?
2942,0,0,0,5,2,111,1,?
2943,0,0,0,2,1,65,0,?
2944,0,1,0,2,1,68,0,?
2945,1,1,0,6,1,138,0,?
2946,0,0,0,4,2,105,0,?
2947,0,0,0,3,1,65,0,?
2948,1,2,0,4,0,143,0,?
2949,1,2,0,4,0,102,0,?
2950,1,2,0,4,0,112,0,?
2951,1,2,0,2,0,101,0,?
2952,1,2,0,4,0,130,0,?
2953,0,0,0,6,1,88,1,?
2954,1,2,0,6,0,142,0,?
2955,0,1,0,2,1,69,0,?
2956,0,0,1,4,1,78,0,?
2957,0,0,0,1,1,100,0,?
2958,0,1,0,4,1,104,0,?
2959,0,1,1,3,1,144,0,?
2960,1,0,0,7,1,102,0,?
2961,0,1,0,6,1,140,0,?
2962,0,0,1,1,1,92,0,?
2963,0,0,0,3,1,102,0,?
2964,1,0,0,7,1,102,0,?
2965,1,0,0,2,1,61,0,?
2966,0,0,0,3,1,98,0,?
2967,1,0,0,4,1,104,0,?
2968,0,0,0,3,1,92,0,?
2969,0,0,0,3,1,111,0,?
2970,0,0,0,2,1,90,0,?
2971,0,0,1,4,1,80,0,?
2972,1,0,0,5,1,115,0,?
2973,0,0,0,2,1,83,0,?
2974,0,0,0,4,1,71,0,?
2975,0,0,0,4,1,74,0,?
2976,1,0,0,3,2,85,0,?
2977,0,0,0,1,1,69,0,?
2978,0,0,0,2,1,104,0,?
2979,1,2,0,4,0,112,0,?
2980,0,0,0,3,2,81,1,?
2981,1,2,1,5,2,144,0,?
2982,0,2,1,5,1,145,0,?
2983,1,2,0,4,0,96,0,?
2984,1,2,1,6,1,138,0,?
2985,0,1,0,2,1,99,0,?
2986,1,0,0,7,1,102,0,?
2987,0,2,2,3,0,144,0,?
2988,0,1,0,3,1,98,0,?
2989,1,2,0,3,0,143,0,?
2990,0,0,0,3,1,106,0,?
2991,0,0,0,2,1,64,0,?
2992,0,0,0,3,1,87,0,?
2993,0,0,1,4,1,54,1,?
2994,0,0,0,4,2,111,0,?
2995,0,0,0,3,1,109,0,?
2996,0,0,1,3,1,77,0,?
2997,0,0,0,5,2,115,0,?
2998,0,0,0,3,1,92,0,?
2999,0,0,0,6,1,61,0,?
