tweet_id,top_topic_1,top_topic_2,top_topic_3
0,0,7,9
1,7,2,9
2,2,4,9
3,9,0,1
4,1,2,4
5,7,5,2
6,2,9,8
7,4,1,9
8,4,1,0
9,5,4,1
10,4,1,2
11,2,5,4
12,2,4,7
13,3,4,1
14,4,1,0
15,0,2,9
16,2,7,1
17,2,9,8
18,7,2,9
19,1,2,4
20,0,9,8
21,7,5,2
22,7,2,9
23,9,0,1
24,1,6,9
25,1,0,8
26,7,9,8
27,0,7,9
28,4,1,9
29,7,1,3
30,0,9,8
31,5,1,4
32,4,6,2
33,9,2,8
34,4,6,7
35,2,4,8
36,0,5,4
37,2,4,7
38,8,4,2
39,4,0,5
40,2,5,6
41,3,5,1
42,0,1,2
43,1,7,9
44,7,9,3
45,1,7,0
46,7,9,3
47,5,4,1
48,7,5,2
49,2,7,5
50,4,1,2
51,0,2,7
52,4,2,0
53,1,0,5
54,5,1,2
55,2,4,1
56,5,3,2
57,8,7,1
58,9,8,7
59,7,2,8
60,7,2,5
61,7,2,1
62,4,1,0
63,1,5,2
64,1,2,7
65,0,2,9
66,6,0,2
67,4,8,7
68,4,9,8
69,7,2,1
70,4,1,2
71,4,1,5
72,7,2,9
73,8,3,9
74,1,6,4
75,1,6,9
76,7,5,2
77,1,9,6
78,9,0,1
79,2,9,8
80,0,8,9
81,1,2,4
82,0,2,9
83,3,4,1
84,2,5,4
85,2,5,9
86,2,4,7
87,4,1,2
88,4,1,9
89,1,0,5
90,6,1,2
91,9,0,8
92,2,5,4
93,8,1,7
94,7,9,1
95,7,2,1
96,7,1,3
97,7,8,6
98,3,9,2
99,7,8,6
100,7,8,6
101,2,1,7
102,8,1,9
103,2,7,8
104,7,1,8
105,7,2,4
106,1,2,9
107,1,0,4
108,7,4,1
109,8,7,9
110,9,0,2
111,3,9,1
112,0,7,1
113,6,0,1
114,7,8,6
115,5,7,2
116,2,0,4
117,7,0,5
118,1,7,3
119,1,4,7
120,8,7,9
121,6,2,0
122,5,6,7
123,4,2,1
124,1,7,0
125,0,5,1
126,4,0,9
127,8,1,4
128,7,2,9
129,2,5,0
130,1,9,8
131,6,5,9
132,1,9,8
133,4,0,3
134,8,9,5
135,3,7,9
136,4,1,3
137,4,7,0
138,1,4,3
139,1,9,8
140,9,8,7
141,6,0,1
142,5,9,8
143,9,4,5
144,7,6,8
145,2,4,0
146,1,9,2
147,4,9,8
148,0,5,2
149,6,0,1
150,0,9,8
151,0,5,9
152,0,6,2
153,7,8,6
154,8,1,7
155,7,2,5
156,7,9,3
157,0,4,5
158,7,9,8
159,7,9,8
160,7,9,8
161,7,2,4
162,2,9,1
163,7,8,6
164,4,5,0
165,3,9,2
166,5,8,6
167,9,4,5
168,4,7,3
169,7,9,8
170,5,9,8
171,1,9,2
172,9,8,7
173,3,7,9
174,7,5,6
175,6,5,9
176,8,7,9
177,7,0,5
178,4,0,9
179,1,2,9
180,5,6,7
181,7,2,9
182,2,4,9
183,3,4,1
184,0,2,9
185,2,5,4
186,6,2,0
187,7,8,6
188,8,1,9
189,4,1,0
190,2,7,1
191,0,8,9
192,1,4,7
193,2,4,7
194,0,9,8
195,4,1,9
196,4,0,5
197,7,5,2
198,7,8,6
199,2,8,3
200,5,2,7
201,2,5,4
202,2,0,4
203,7,2,1
204,1,0,4
205,7,2,1
206,5,7,2
207,9,0,2
208,0,7,1
209,6,0,2
210,8,3,9
211,4,1,0
212,4,9,8
213,4,1,2
214,4,8,7
215,0,2,9
216,4,1,5
217,2,4,1
218,1,5,2
219,8,4,2
220,7,2,1
221,1,2,7
222,1,0,5
223,7,2,8
224,0,2,7
225,4,2,0
226,2,7,5
227,5,4,1
228,1,7,9
229,7,5,2
230,1,7,0
231,4,6,7
232,7,9,3
233,5,1,4
234,2,4,8
235,0,1,2
236,7,9,3
237,2,5,6
238,4,0,5
239,2,4,7
240,0,5,4
241,0,9,8
242,4,6,2
243,4,1,9
244,5,1,7
245,0,7,9
246,2,7,8
247,3,9,1
248,0,9,8
249,6,1,2
250,7,9,8
251,1,2,9
252,8,7,9
253,7,8,6
254,7,8,6
255,3,9,2
256,7,2,4
257,2,1,7
258,7,4,1
259,8,1,9
260,7,8,6
261,9,0,8
262,8,1,7
263,7,1,3
264,7,2,1
265,0,2,9
266,4,1,2
267,0,8,9
268,1,0,5
269,2,5,4
270,6,1,2
271,7,2,9
272,1,4,5
273,0,2,9
274,4,2,0
275,0,7,1
276,8,3,9
277,2,5,9
278,7,5,2
279,1,9,6
280,1,2,7
281,4,6,2
282,4,6,7
283,2,4,1
284,2,4,7
285,7,2,5
286,4,1,9
287,0,9,8
288,0,7,9
289,5,1,4
290,7,9,8
291,1,6,9
292,1,7,0
293,1,9,8
294,1,2,4
295,0,8,9
296,8,9,7
297,8,7,9
298,7,5,2
299,3,9,1
300,0,5,4
301,7,2,1
302,7,2,8
303,7,5,2
304,0,1,2
305,2,7,5
306,7,9,8
307,0,9,8
308,2,9,8
309,0,2,9
310,7,8,6
311,9,0,2
312,5,7,2
313,7,8,6
314,4,1,2
315,4,7,0
316,4,1,2
317,4,0,3
318,1,3,4
319,2,4,7
320,7,0,9
321,4,1,5
322,0,9,8
323,2,5,1
324,1,9,8
325,7,0,1
326,8,1,6
327,2,9,1
328,7,8,1
329,7,0,3
330,8,1,5
331,6,0,1
332,4,1,2
333,7,2,4
334,0,5,9
335,7,5,2
336,7,9,1
337,1,9,8
338,7,2,5
339,9,2,8
340,2,5,9
341,1,3,4
342,7,2,5
343,5,4,1
344,2,5,6
345,0,9,8
346,7,9,2
347,6,0,1
348,7,6,8
349,4,1,9
350,8,1,4
351,8,4,2
352,8,9,2
353,4,1,5
354,9,0,1
355,4,9,8
356,7,2,9
357,1,4,9
358,8,9,7
359,4,6,7
360,4,1,2
361,1,7,9
362,0,9,8
363,4,0,1
364,4,6,2
365,3,9,2
366,5,0,2
367,4,0,1
368,0,7,9
369,9,2,8
370,2,7,5
371,5,4,1
372,1,9,8
373,4,1,3
374,4,0,5
375,4,7,2
376,4,6,7
377,7,4,2
378,7,0,1
379,0,6,2
380,5,6,7
381,5,2,7
382,2,8,3
383,4,0,5
384,7,5,2
385,7,2,1
386,1,7,3
387,0,2,5
388,7,2,4
389,6,0,1
390,5,0,4
391,1,9,8
392,7,9,1
393,4,1,2
394,6,1,2
395,8,9,4
396,7,9,8
397,4,1,8
398,1,7,8
399,6,9,8
400,5,4,2
401,7,8,6
402,0,1,7
403,7,9,8
404,0,1,2
405,0,7,8
406,4,0,2
407,4,9,8
408,1,9,8
409,4,2,1
410,7,6,8
411,1,8,9
412,6,5,7
413,4,0,9
414,7,2,9
415,1,4,0
416,5,9,3
417,4,5,1
418,1,2,4
419,5,4,1
420,0,8,9
421,7,9,1
422,6,5,9
423,4,2,1
424,0,9,8
425,1,4,9
426,7,9,5
427,1,4,6
428,1,0,5
429,0,7,9
430,7,0,8
431,6,9,8
432,0,2,9
433,9,4,5
434,0,8,9
435,2,5,1
436,4,1,3
437,5,2,7
438,0,7,1
439,5,6,7
440,3,9,2
441,2,1,0
442,8,9,2
443,1,4,6
444,7,8,6
445,9,2,8
446,4,0,5
447,0,9,8
448,7,5,2
449,0,7,8
450,0,8,9
451,7,8,1
452,7,2,8
453,9,8,7
454,6,9,8
455,5,3,2
456,7,1,3
457,1,6,4
458,7,0,3
459,7,9,8
460,7,9,8
461,7,9,8
462,4,2,9
463,3,9,8
464,6,9,8
465,0,4,3
466,4,9,8
467,7,9,8
468,6,9,8
469,6,2,1
470,0,9,8
471,0,7,8
472,1,8,9
473,4,1,2
474,5,9,3
475,0,1,7
476,7,8,6
477,8,9,4
478,4,2,9
479,8,9,2
480,1,3,7
481,4,5,8
482,0,9,8
483,1,4,6
484,1,9,8
485,3,9,8
486,7,9,8
487,7,9,8
488,7,0,3
489,7,0,1
490,6,9,8
491,7,8,6
492,7,9,2
493,2,7,0
494,2,5,1
495,5,2,7
496,1,5,2
497,1,4,0
498,7,1,9
499,4,1,6
500,8,1,5
501,7,0,3
502,1,8,2
503,7,5,2
504,9,1,4
505,7,8,1
506,7,0,1
507,7,1,8
508,8,1,6
509,7,1,9
510,1,2,7
511,2,1,9
512,2,0,7
513,1,2,9
514,1,9,8
515,2,9,8
516,0,4,5
517,2,4,5
518,6,7,0
519,4,1,9
520,4,7,0
521,2,5,1
522,1,9,8
523,7,3,9
524,0,5,2
525,2,1,4
526,7,2,8
527,7,9,8
528,7,5,2
529,9,8,7
530,2,0,3
531,9,0,8
532,7,9,1
533,2,0,1
534,7,5,1
535,8,9,2
536,1,9,8
537,0,7,1
538,7,1,9
539,0,1,9
540,1,4,3
541,5,0,2
542,1,4,6
543,0,9,8
544,0,9,8
545,7,8,6
546,7,8,6
547,8,1,7
548,4,1,0
549,4,6,2
550,4,1,5
551,4,1,5
552,3,9,0
553,4,0,1
554,1,9,8
555,0,3,2
556,6,5,9
557,1,9,8
558,9,0,8
559,0,7,9
560,1,9,8
561,7,9,8
562,2,1,4
563,4,5,8
564,7,1,9
565,0,9,8
566,4,1,9
567,1,4,9
568,5,1,4
569,7,2,8
570,3,7,9
571,4,1,0
572,4,6,7
573,2,5,6
574,0,9,8
575,2,1,3
576,7,4,1
577,7,0,9
578,4,1,7
579,0,4,2
580,4,2,1
581,7,0,2
582,1,3,7
583,7,0,2
584,8,9,7
585,4,1,2
586,3,9,2
587,6,2,1
588,9,8,7
589,1,6,4
590,7,8,6
591,8,1,7
592,7,1,3
593,0,9,8
594,4,2,5
595,8,1,7
596,4,6,2
597,4,8,7
598,3,9,8
599,4,1,5
600,7,2,5
601,8,9,7
602,0,9,8
603,2,7,4
604,0,4,5
605,1,3,6
606,6,9,8
607,0,8,9
608,4,1,5
609,4,8,7
610,4,9,8
611,4,2,9
612,1,9,8
613,3,9,8
614,7,0,8
615,8,9,2
616,7,9,8
617,7,9,8
618,8,9,7
619,7,9,8
620,4,0,2
621,7,8,1
622,0,4,3
623,6,9,8
624,4,1,5
625,0,9,8
626,7,0,2
627,4,5,8
628,2,5,1
629,1,4,6
630,7,8,1
631,0,9,8
632,2,5,1
633,4,6,5
634,4,1,5
635,1,4,6
636,6,9,8
637,7,0,2
638,4,0,2
639,0,4,3
640,8,9,2
641,6,2,1
642,7,9,8
643,4,9,8
644,7,9,8
645,7,9,8
646,8,9,7
647,6,9,8
648,7,0,8
649,1,9,8
650,3,9,8
651,4,2,9
652,0,8,9
653,3,9,8
654,4,1,5
655,4,8,7
656,4,1,5
657,0,4,5
658,8,9,7
659,1,3,6
660,8,1,7
661,7,2,5
662,0,9,8
663,4,6,2
664,7,8,6
665,8,1,7
666,9,8,7
667,0,9,8
668,7,8,6
669,4,8,7
670,7,1,3
671,1,6,4
672,6,9,8
673,7,8,6
674,7,0,1
675,4,1,9
676,7,0,3
677,4,1,5
678,7,8,6
679,6,7,8
680,4,9,8
681,4,1,5
682,4,6,5
683,2,7,4
684,7,2,5
685,4,8,7
686,1,3,6
687,4,2,9
688,0,8,9
689,7,4,8
690,3,9,8
691,0,8,7
692,8,1,2
693,6,9,8
694,6,0,5
695,7,9,8
696,5,7,9
697,7,9,8
698,0,9,8
699,0,4,3
700,1,4,6
701,7,9,8
702,7,9,8
703,5,4,1
704,0,8,9
705,1,8,9
706,2,4,9
707,7,8,6
708,6,9,8
709,7,1,5
710,0,9,8
711,7,8,6
712,4,6,2
713,8,1,7
714,9,0,8
715,0,7,9
716,6,5,9
717,3,9,2
718,3,9,0
719,4,6,7
720,0,9,8
721,2,5,6
722,7,0,1
723,0,9,8
724,3,7,9
725,7,9,8
726,0,4,3
727,8,9,7
728,0,9,8
729,4,5,8
730,7,4,1
731,6,9,8
732,5,4,1
733,0,2,9
734,9,4,5
735,7,2,9
736,7,9,8
737,2,5,1
738,5,6,7
739,1,0,5
740,0,7,1
741,0,8,9
742,0,2,9
743,1,4,6
744,5,2,7
745,8,9,2
746,7,9,8
747,7,1,9
748,2,4,9
749,3,9,8
750,7,9,8
751,2,4,6
752,4,6,2
753,4,7,5
754,0,9,8
755,7,9,8
756,4,9,8
757,3,9,8
758,7,8,6
759,7,8,6
760,4,9,8
761,8,1,7
762,0,9,8
763,7,8,6
764,6,5,9
765,8,9,7
766,3,9,0
767,9,0,8
768,0,7,9
769,8,1,2
770,3,9,2
771,5,1,4
772,7,9,8
773,3,7,9
774,4,6,7
775,4,1,9
776,7,0,1
777,5,4,1
778,7,4,1
779,2,5,6
780,0,8,7
781,0,9,8
782,7,9,8
783,3,9,8
784,4,5,8
785,7,2,9
786,0,9,8
787,1,3,4
788,6,9,8
789,4,9,8
790,6,9,8
791,7,1,5
792,7,0,8
793,5,7,9
794,4,7,5
795,7,9,8
796,8,9,7
797,7,9,8
798,4,0,9
799,7,6,9
800,7,5,2
801,7,9,8
802,1,4,9
803,1,9,8
804,7,9,8
805,3,9,8
806,4,3,9
807,4,5,8
808,4,2,9
809,1,4,6
810,0,9,8
811,1,3,7
812,8,9,2
813,4,1,2
814,7,8,6
815,4,6,7
816,8,9,4
817,0,7,8
818,6,2,1
819,4,5,1
820,0,1,7
821,7,6,8
822,2,0,9
823,7,6,8
824,4,7,6
825,7,6,8
826,7,6,8
827,4,6,7
828,7,6,8
829,1,6,7
830,7,6,8
831,7,4,6
832,1,9,8
833,0,2,7
834,2,1,4
835,7,8,6
836,0,8,9
837,7,2,8
838,0,9,8
839,7,8,6
840,0,9,8
841,8,1,7
842,6,5,9
843,4,6,2
844,3,9,8
845,3,9,0
846,7,2,9
847,1,8,7
848,0,5,2
849,9,0,8
850,2,9,4
851,4,1,9
852,2,7,1
853,4,2,1
854,8,7,6
855,4,1,0
856,2,1,5
857,8,9,7
858,0,7,9
859,9,8,0
860,7,9,5
861,7,9,5
862,7,6,8
863,9,8,7
864,7,5,2
865,4,7,8
866,1,7,8
867,9,8,0
868,5,1,4
869,8,9,1
870,8,4,2
871,5,1,4
872,7,8,0
873,7,4,1
874,1,0,2
875,3,0,1
876,5,4,1
877,1,7,8
878,2,0,7
879,2,5,3
880,6,7,2
881,4,1,8
882,6,7,2
883,1,9,8
884,2,0,7
885,7,9,5
886,0,9,8
887,0,9,8
888,2,7,6
889,7,9,2
890,4,1,2
891,0,9,8
892,2,6,9
893,1,0,7
894,5,6,7
895,8,4,7
896,1,7,9
897,2,5,0
898,1,9,8
899,0,2,5
900,6,0,5
901,7,9,8
902,7,9,8
903,1,4,9
904,4,0,9
905,8,4,7
906,4,2,5
907,4,0,9
908,7,9,8
909,8,9,7
910,7,9,8
911,8,9,7
912,7,0,8
913,4,6,5
914,7,0,1
915,4,1,3
916,1,3,4
917,9,2,8
918,6,7,8
919,0,9,8
920,3,9,2
921,5,4,1
922,6,0,1
923,6,0,2
924,0,7,9
925,1,2,7
926,5,6,7
927,1,0,5
928,0,9,8
929,6,5,9
930,7,2,8
931,7,2,9
932,0,2,7
933,0,8,9
934,5,2,7
935,0,7,1
936,8,4,1
937,7,8,6
938,7,8,6
939,0,2,9
940,0,8,9
941,4,9,8
942,0,9,8
943,4,8,7
944,4,8,7
945,3,9,8
946,4,2,9
947,7,0,8
948,3,9,8
949,8,1,2
950,4,9,8
951,6,9,8
952,6,9,8
953,5,7,8
954,6,9,8
955,1,9,8
956,7,9,8
957,8,9,7
958,7,9,8
959,7,9,8
960,1,4,6
961,0,9,8
962,6,7,8
963,0,7,9
964,4,1,3
965,1,3,4
966,7,0,1
967,0,4,3
968,3,9,2
969,5,4,1
970,9,2,8
971,4,5,8
972,2,5,1
973,4,1,6
974,9,8,0
975,9,8,5
976,7,6,8
977,9,0,1
978,7,6,8
979,9,8,0
980,7,9,5
981,7,6,8
982,7,5,9
983,9,8,0
984,9,0,8
985,7,6,8
986,8,7,6
987,1,0,9
988,7,6,8
989,2,5,0
990,4,1,6
991,8,0,9
992,2,5,0
993,1,9,4
994,5,1,4
995,4,2,1
996,7,4,9
997,1,7,4
998,2,9,1
999,4,7,1
1000,1,4,6
1001,4,2,9
1002,8,1,4
1003,0,5,2
1004,4,2,5
1005,1,2,0
1006,8,2,7
1007,2,5,3
1008,9,5,2
1009,6,7,2
1010,2,4,7
1011,2,4,7
1012,1,7,5
1013,7,6,9
1014,9,2,4
1015,1,4,9
1016,2,1,5
1017,1,2,4
1018,1,9,4
1019,8,4,2
1020,2,4,9
1021,2,3,7
1022,0,9,8
1023,4,5,9
1024,1,4,2
1025,9,7,1
1026,1,0,2
1027,0,9,8
1028,9,5,2
1029,5,8,2
1030,4,0,9
1031,1,7,8
1032,2,4,1
1033,4,2,5
1034,0,5,9
1035,5,1,4
1036,1,9,8
1037,7,6,5
1038,4,1,5
1039,1,2,4
1040,4,2,1
1041,4,1,5
1042,2,7,1
1043,5,2,8
1044,8,9,7
1045,7,6,4
1046,7,3,1
1047,5,7,1
1048,5,4,2
1049,1,4,6
1050,4,6,9
1051,0,9,8
1052,0,9,8
1053,4,1,8
1054,5,4,1
1055,0,2,8
1056,9,0,1
1057,1,8,7
1058,7,2,5
1059,4,0,9
1060,0,9,8
1061,0,5,9
1062,5,8,1
1063,8,9,7
1064,2,4,9
1065,8,9,7
1066,2,0,7
1067,0,4,3
1068,0,9,8
1069,7,4,0
1070,4,1,5
1071,7,4,9
1072,0,1,7
1073,0,7,5
1074,7,4,0
1075,4,7,1
1076,0,4,3
1077,4,0,9
1078,4,0,9
1079,7,4,1
1080,3,1,5
1081,1,4,2
1082,4,7,6
1083,7,4,6
1084,0,7,8
1085,4,6,7
1086,7,6,8
1087,7,6,8
1088,7,4,6
1089,3,6,7
1090,4,6,7
1091,8,6,7
1092,7,6,8
1093,6,7,8
1094,7,6,8
1095,1,0,8
1096,6,7,8
1097,7,6,8
1098,7,6,8
1099,4,6,7
1100,7,8,6
1101,7,8,6
1102,1,6,7
1103,7,6,8
1104,7,6,8
1105,4,7,6
1106,6,2,1
1107,0,7,8
1108,1,6,7
1109,4,6,7
1110,7,4,6
1111,4,6,7
1112,7,6,8
1113,7,6,8
1114,7,8,6
1115,3,6,7
1116,6,7,8
1117,7,8,6
1118,6,7,8
1119,8,6,7
1120,0,4,7
1121,8,7,6
1122,7,6,8
1123,7,6,8
1124,0,7,8
1125,4,7,6
1126,7,6,8
1127,1,6,7
1128,7,6,8
1129,7,6,8
1130,7,6,8
1131,3,9,7
1132,6,2,1
1133,8,6,7
1134,4,6,7
1135,0,7,8
1136,4,6,7
1137,7,4,6
1138,3,6,7
1139,4,6,7
1140,6,7,8
1141,7,8,6
1142,4,7,6
1143,7,4,6
1144,7,6,8
1145,7,6,8
1146,7,6,8
1147,6,7,8
1148,0,4,7
1149,0,7,6
1150,7,6,8
1151,7,8,6
1152,7,6,8
1153,6,7,8
1154,1,7,6
1155,0,7,8
1156,7,6,8
1157,4,7,6
1158,4,1,0
1159,0,4,1
1160,1,0,9
1161,9,8,7
1162,8,2,7
1163,4,1,5
1164,0,3,4
1165,4,0,2
1166,0,7,2
1167,1,7,5
1168,1,7,3
1169,7,9,8
1170,8,2,5
1171,8,9,1
1172,7,6,9
1173,3,9,8
1174,5,2,4
1175,0,7,2
1176,2,3,7
1177,5,4,1
1178,7,9,3
1179,1,5,4
1180,7,9,5
1181,7,2,4
1182,0,5,1
1183,7,6,8
1184,1,0,7
1185,6,7,2
1186,4,5,9
1187,1,2,0
1188,7,1,5
1189,1,2,4
1190,2,8,7
1191,7,0,9
1192,9,8,7
1193,0,1,9
1194,4,1,5
1195,2,5,4
1196,1,3,6
1197,2,5,9
1198,7,2,9
1199,1,2,4
1200,7,9,5
1201,1,2,4
1202,4,6,1
1203,1,2,0
1204,7,6,8
1205,1,4,6
1206,2,6,9
1207,7,6,3
1208,0,7,9
1209,4,1,5
1210,8,9,7
1211,0,6,9
1212,1,3,4
1213,9,8,7
1214,0,5,2
1215,4,0,9
1216,0,9,8
1217,8,9,7
1218,4,1,0
1219,1,0,7
1220,7,9,5
1221,1,4,2
1222,1,8,9
1223,1,2,0
1224,8,2,5
1225,7,9,8
1226,8,1,9
1227,4,2,1
1228,7,9,5
1229,1,2,8
1230,6,0,5
1231,9,0,8
1232,7,9,2
1233,7,5,2
1234,1,7,8
1235,4,7,8
1236,0,5,2
1237,5,4,2
1238,1,8,7
1239,8,4,7
1240,0,7,5
1241,9,8,7
1242,7,4,0
1243,5,1,4
1244,7,8,0
1245,8,4,2
1246,1,0,2
1247,8,9,1
1248,5,1,4
1249,7,4,1
1250,2,0,7
1251,2,5,3
1252,1,7,8
1253,6,7,2
1254,5,4,1
1255,8,7,6
1256,4,1,8
1257,5,4,1
1258,3,0,1
1259,1,9,8
1260,2,0,6
1261,4,1,6
1262,0,9,8
1263,0,9,8
1264,2,5,9
1265,5,6,7
1266,6,7,2
1267,4,1,2
1268,4,2,5
1269,7,4,0
1270,3,9,8
1271,7,9,8
1272,6,5,9
1273,3,0,1
1274,1,5,4
1275,1,9,8
1276,8,2,4
1277,1,4,2
1278,2,0,5
1279,2,7,1
1280,7,2,4
1281,5,7,2
1282,7,6,3
1283,1,2,8
1284,1,2,5
1285,2,5,1
1286,9,3,8
1287,1,8,7
1288,0,5,2
1289,7,0,9
1290,1,4,8
1291,1,3,4
1292,4,1,2
1293,2,1,4
1294,3,5,2
1295,2,3,7
1296,5,6,7
1297,6,4,1
1298,8,9,7
1299,4,1,9
1300,1,7,8
1301,9,3,8
1302,4,7,8
1303,4,2,5
1304,8,9,1
1305,4,2,5
1306,4,1,0
1307,0,5,2
1308,4,1,5
1309,2,5,1
1310,0,9,8
1311,1,0,9
1312,2,5,1
1313,7,2,9
1314,3,9,8
1315,2,5,0
1316,1,9,4
1317,7,4,9
1318,8,2,7
1319,9,5,2
1320,2,5,1
1321,2,4,7
1322,5,1,2
1323,1,5,4
1324,1,9,8
1325,2,7,1
1326,9,3,8
1327,2,1,4
1328,9,8,0
1329,8,5,2
1330,1,3,6
1331,0,9,8
1332,1,2,4
1333,4,1,5
1334,4,0,5
1335,0,5,9
1336,4,2,5
1337,8,9,7
1338,5,2,8
1339,7,6,8
1340,0,2,8
1341,0,4,3
1342,2,4,9
1343,4,0,9
1344,4,7,1
1345,4,0,9
1346,1,7,5
1347,0,7,2
1348,4,6,9
1349,9,8,0
1350,4,1,5
1351,7,9,8
1352,7,6,9
1353,0,9,8
1354,2,4,6
1355,8,9,7
1356,8,9,7
1357,4,1,0
1358,1,2,0
1359,1,0,7
1360,7,9,5
1361,8,2,5
1362,7,9,8
1363,1,4,2
1364,4,2,1
1365,8,1,9
1366,6,0,5
1367,7,6,8
1368,7,2,5
1369,7,9,5
1370,1,2,8
1371,7,9,2
1372,5,4,2
1373,1,7,8
1374,7,5,2
1375,0,5,2
1376,1,8,7
1377,4,7,8
1378,2,5,4
1379,5,1,4
1380,9,8,7
1381,0,7,5
1382,8,4,7
1383,4,2,6
1384,7,8,0
1385,7,4,0
1386,7,4,1
1387,8,4,2
1388,1,7,8
1389,1,0,2
1390,5,1,4
1391,8,9,1
1392,2,5,3
1393,3,0,1
1394,2,0,7
1395,6,7,2
1396,5,4,1
1397,4,1,8
1398,0,2,7
1399,9,8,5
1400,4,1,2
1401,4,0,1
1402,0,9,8
1403,6,7,2
1404,0,9,8
1405,5,6,7
1406,0,9,8
1407,7,4,9
1408,2,5,1
1409,2,4,7
1410,4,1,6
1411,9,8,0
1412,1,0,9
1413,2,5,0
1414,8,2,7
1415,1,9,4
1416,9,5,2
1417,7,2,5
1418,5,4,1
1419,0,1,9
1420,3,5,2
1421,7,5,9
1422,9,8,5
1423,4,1,0
1424,4,7,1
1425,0,2,1
1426,1,2,4
1427,9,7,1
1428,0,1,7
1429,9,8,7
1430,9,2,4
1431,1,4,6
1432,5,8,2
1433,5,1,4
1434,2,3,7
1435,4,2,9
1436,8,9,7
1437,1,6,4
1438,1,9,8
1439,7,6,4
1440,5,7,2
1441,7,3,1
1442,1,4,8
1443,0,5,2
1444,7,2,5
1445,5,8,1
1446,4,1,8
1447,4,1,9
1448,8,9,2
1449,1,8,7
1450,2,7,6
1451,2,7,1
1452,9,8,0
1453,7,4,0
1454,4,2,6
1455,4,2,0
1456,2,9,4
1457,1,4,2
1458,1,7,3
1459,2,1,5
1460,4,2,1
1461,3,1,5
1462,4,1,5
1463,7,6,5
1464,3,9,8
1465,1,5,4
1466,1,9,8
1467,2,1,4
1468,2,7,1
1469,0,5,9
1470,2,5,1
1471,9,3,8
1472,0,9,8
1473,4,2,5
1474,4,5,9
1475,2,3,7
1476,4,1,5
1477,4,2,5
1478,1,3,6
1479,5,2,8
1480,0,2,8
1481,1,2,4
1482,8,9,7
1483,4,0,9
1484,2,4,9
1485,4,0,9
1486,0,4,3
1487,4,7,1
1488,4,0,9
1489,0,7,2
1490,4,1,5
1491,4,6,9
1492,1,7,5
1493,7,6,9
1494,7,9,8
1495,8,9,7
1496,7,2,4
1497,7,0,9
1498,0,1,9
1499,3,4,1
1500,7,2,5
1501,0,5,1
1502,4,6,1
1503,1,2,4
1504,7,2,5
1505,0,2,1
1506,5,4,1
1507,3,5,2
1508,7,6,8
1509,5,8,2
1510,4,7,1
1511,0,1,7
1512,7,5,9
1513,9,7,1
1514,1,4,6
1515,9,8,7
1516,4,2,9
1517,9,2,4
1518,5,1,4
1519,2,3,7
1520,8,9,7
1521,1,9,8
1522,7,6,4
1523,7,2,0
1524,0,7,8
1525,5,7,2
1526,0,5,2
1527,1,4,8
1528,8,9,2
1529,7,3,1
1530,4,1,8
1531,1,8,7
1532,8,2,7
1533,5,8,1
1534,6,7,8
1535,4,1,9
1536,7,4,0
1537,0,2,9
1538,5,1,2
1539,2,7,6
1540,9,0,8
1541,1,7,3
1542,7,9,5
1543,2,9,4
1544,1,4,2
1545,3,1,5
1546,4,2,1
1547,2,1,5
1548,7,9,8
1549,4,1,5
1550,4,2,0
1551,4,1,9
1552,7,6,5
1553,7,6,3
1554,1,4,6
1555,1,2,0
1556,7,2,0
1557,2,6,9
1558,1,2,4
1559,1,3,4
1560,0,7,9
1561,0,6,9
1562,8,9,7
1563,0,5,2
1564,9,8,7
1565,7,9,5
1566,4,0,9
1567,0,9,8
1568,1,0,7
1569,4,1,5
1570,8,9,7
1571,4,1,0
1572,4,9,8
1573,7,2,5
1574,7,2,5
1575,4,6,1
1576,7,0,9
1577,3,5,2
1578,1,2,4
1579,5,4,1
1580,0,1,9
1581,1,2,4
1582,4,2,6
1583,6,7,8
1584,4,1,0
1585,4,7,1
1586,0,2,1
1587,1,9,8
1588,7,5,9
1589,0,1,7
1590,5,8,2
1591,9,7,1
1592,1,4,6
1593,9,2,4
1594,4,2,9
1595,8,9,7
1596,5,1,4
1597,2,3,7
1598,5,7,2
1599,7,6,4
1600,5,1,2
1601,7,6,8
1602,0,5,2
1603,7,3,1
1604,8,9,2
1605,4,1,8
1606,1,8,7
1607,7,4,0
1608,5,8,1
1609,2,7,1
1610,2,7,6
1611,4,1,9
1612,1,4,2
1613,2,1,5
1614,2,9,4
1615,4,2,1
1616,3,1,5
1617,1,8,2
1618,1,7,3
1619,4,1,5
1620,4,2,0
1621,7,9,8
1622,7,6,3
1623,7,6,5
1624,1,2,0
1625,1,4,6
1626,4,1,9
1627,2,6,9
1628,0,7,9
1629,9,0,1
1630,4,1,5
1631,0,6,9
1632,8,2,7
1633,1,3,4
1634,4,0,9
1635,0,7,9
1636,8,7,6
1637,1,8,9
1638,7,9,5
1639,1,2,0
1640,1,4,2
1641,6,0,5
1642,7,2,5
1643,4,2,1
1644,7,9,8
1645,8,1,9
1646,8,2,7
1647,7,2,5
1648,1,2,8
1649,7,9,2
1650,2,5,4
1651,5,4,2
1652,9,8,0
1653,1,8,7
1654,7,5,2
1655,0,5,2
1656,1,7,8
1657,0,7,5
1658,7,8,0
1659,4,7,8
1660,9,8,7
1661,4,2,6
1662,8,4,7
1663,7,5,4
1664,5,1,4
1665,7,4,0
1666,8,4,2
1667,7,4,1
1668,1,7,8
1669,5,1,4
1670,1,0,2
1671,2,5,3
1672,6,7,2
1673,8,9,1
1674,2,0,7
1675,4,1,8
1676,5,4,1
1677,3,0,1
1678,0,9,8
1679,5,6,7
1680,2,5,1
1681,2,5,9
1682,8,1,4
1683,7,2,9
1684,4,1,6
1685,1,0,9
1686,6,0,8
1687,9,8,0
1688,1,9,4
1689,2,5,0
1690,9,5,2
1691,2,4,7
1692,7,4,9
1693,1,9,8
1694,8,2,7
1695,1,5,4
1696,2,5,1
1697,3,9,8
1698,2,7,1
1699,1,3,6
1700,1,9,8
1701,2,1,4
1702,8,5,2
1703,0,9,8
1704,0,5,9
1705,4,0,5
1706,4,2,5
1707,1,2,4
1708,0,4,3
1709,5,2,8
1710,4,1,5
1711,0,2,8
1712,0,4,9
1713,8,9,7
1714,2,4,9
1715,0,7,2
1716,4,6,9
1717,4,7,1
1718,4,0,9
1719,4,1,5
1720,1,7,5
1721,8,9,7
1722,1,7,9
1723,0,5,1
1724,7,6,9
1725,7,6,8
1726,7,0,9
1727,7,9,8
1728,7,2,5
1729,4,9,8
1730,7,2,5
1731,1,2,4
1732,5,4,1
1733,4,6,1
1734,3,5,2
1735,0,1,9
1736,4,1,0
1737,1,2,4
1738,7,9,8
1739,4,7,1
1740,4,2,9
1741,0,2,1
1742,4,2,6
1743,4,1,0
1744,4,2,6
1745,1,2,4
1746,7,9,8
1747,0,1,7
1748,9,7,1
1749,1,4,6
1750,2,3,7
1751,5,1,4
1752,9,2,4
1753,1,9,8
1754,9,0,1
1755,8,9,7
1756,5,7,2
1757,1,4,9
1758,7,6,4
1759,5,2,7
1760,0,5,2
1761,8,9,2
1762,7,3,1
1763,2,8,7
1764,4,1,8
1765,7,4,0
1766,1,8,7
1767,2,7,1
1768,4,1,9
1769,5,1,2
1770,2,7,6
1771,1,4,2
1772,2,1,5
1773,7,2,4
1774,4,2,1
1775,7,6,8
1776,4,2,0
1777,2,9,4
1778,7,6,5
1779,3,1,5
1780,1,8,2
1781,4,1,5
1782,1,7,3
1783,1,4,6
1784,7,9,8
1785,1,2,0
1786,7,6,3
1787,4,1,9
1788,0,7,9
1789,2,6,9
1790,0,6,9
1791,9,5,2
1792,1,9,8
1793,2,4,7
1794,2,7,1
1795,7,6,8
1796,9,3,8
1797,2,5,1
1798,7,5,4
1799,4,2,8
1800,2,1,4
1801,4,5,9
1802,2,3,7
1803,0,9,8
1804,4,2,5
1805,4,1,5
1806,5,2,8
1807,1,3,6
1808,1,2,4
1809,0,5,9
1810,4,1,5
1811,9,0,8
1812,0,4,3
1813,0,2,8
1814,0,9,8
1815,7,2,5
1816,2,4,9
1817,4,0,9
1818,8,9,7
1819,4,0,9
1820,4,1,5
1821,4,7,1
1822,1,7,5
1823,4,6,9
1824,7,6,9
1825,0,7,2
1826,7,9,8
1827,7,2,4
1828,5,7,4
1829,8,9,7
1830,3,4,1
1831,0,5,1
1832,8,7,6
1833,7,0,9
1834,1,2,4
1835,4,6,1
1836,7,2,5
1837,0,1,9
1838,5,4,1
1839,1,2,4
1840,3,5,2
1841,0,2,1
1842,0,7,9
1843,4,1,0
1844,7,5,9
1845,9,7,1
1846,1,4,6
1847,0,1,7
1848,4,2,9
1849,5,8,2
1850,9,8,7
1851,8,9,7
1852,5,1,4
1853,2,3,7
1854,5,7,4
1855,0,9,8
1856,1,4,7
1857,8,5,2
1858,7,6,8
1859,0,7,2
1860,1,9,8
1861,0,9,8
1862,4,1,2
1863,6,7,2
1864,8,1,4
1865,9,2,4
1866,7,6,4
1867,1,9,8
1868,5,7,2
1869,8,9,2
1870,3,7,2
1871,0,2,1
1872,2,8,7
1873,1,4,8
1874,7,3,1
1875,4,1,8
1876,5,8,1
1877,3,1,5
1878,7,0,2
1879,7,4,0
1880,1,4,2
1881,4,2,1
1882,1,7,3
1883,1,4,6
1884,4,2,0
1885,7,6,5
1886,4,1,5
1887,7,9,8
1888,1,2,0
1889,7,6,3
1890,4,0,9
1891,7,9,8
1892,8,7,9
1893,1,3,4
1894,0,6,9
1895,9,8,7
1896,0,5,2
1897,8,9,7
1898,0,9,8
1899,5,2,7
1900,4,1,5
1901,0,3,8
1902,1,4,2
1903,8,2,5
1904,8,1,9
1905,6,0,5
1906,1,2,0
1907,0,5,2
1908,7,9,8
1909,2,9,8
1910,2,1,9
1911,2,9,8
1912,1,9,7
1913,2,9,5
1914,2,1,8
1915,5,9,8
1916,1,5,2
1917,4,1,2
1918,2,9,8
1919,2,7,0
1920,2,9,8
1921,2,3,0
1922,0,5,1
1923,1,2,9
1924,5,3,9
1925,2,6,9
1926,1,0,5
1927,5,8,9
1928,7,1,5
1929,0,5,1
1930,1,4,6
1931,2,8,0
1932,2,8,9
1933,2,5,3
1934,5,7,2
1935,1,0,7
1936,2,9,8
1937,2,4,1
1938,5,2,3
1939,2,9,8
1940,7,4,9
1941,1,4,6
1942,5,2,3
1943,7,8,6
1944,2,5,7
1945,7,2,0
1946,2,0,1
1947,4,9,8
1948,2,5,0
1949,1,2,7
1950,5,7,4
1951,5,3,0
1952,2,5,4
1953,4,1,0
1954,3,7,2
1955,2,9,8
1956,5,1,2
1957,9,3,8
1958,7,2,5
1959,2,1,9
1960,2,1,9
1961,9,5,7
1962,7,5,0
1963,6,7,2
1964,2,9,8
1965,5,3,9
1966,2,9,8
1967,4,2,1
1968,2,5,0
1969,2,9,8
1970,5,3,9
1971,4,9,2
1972,9,2,5
1973,7,4,1
1974,1,3,4
1975,8,9,7
1976,4,0,9
1977,8,9,7
1978,8,2,7
1979,0,9,8
1980,4,1,5
1981,4,1,0
1982,1,8,9
1983,1,0,7
1984,7,2,0
1985,7,9,1
1986,8,2,5
1987,7,9,5
1988,9,8,5
1989,1,2,0
1990,1,4,2
1991,8,1,9
1992,0,5,2
1993,4,2,1
1994,1,2,8
1995,7,5,2
1996,6,0,5
1997,7,9,5
1998,7,9,8
1999,7,9,2
2000,0,7,5
2001,5,4,2
2002,1,7,8
2003,2,5,4
2004,4,7,8
2005,8,4,7
2006,9,8,7
2007,5,1,4
2008,0,9,8
2009,8,4,2
2010,9,8,0
2011,7,4,0
2012,7,8,0
2013,7,4,1
2014,5,1,4
2015,1,0,2
2016,1,7,8
2017,2,5,3
2018,8,9,1
2019,5,4,1
2020,7,9,8
2021,4,0,1
2022,6,7,2
2023,4,1,8
2024,1,9,8
2025,2,0,7
2026,3,0,1
2027,0,9,8
2028,0,7,2
2029,0,9,8
2030,8,7,9
2031,0,9,8
2032,5,6,7
2033,4,1,2
2034,2,5,1
2035,7,2,9
2036,1,0,5
2037,9,0,8
2038,1,0,9
2039,1,9,4
2040,3,9,8
2041,7,4,9
2042,2,5,0
2043,1,5,4
2044,8,2,7
2045,2,9,8
2046,9,2,5
2047,0,5,1
2048,5,2,1
2049,5,2,1
2050,5,3,9
2051,5,2,9
2052,2,0,9
2053,2,7,6
2054,2,9,8
2055,0,2,4
2056,2,5,4
2057,2,9,8
2058,2,5,7
2059,5,0,3
2060,2,5,1
2061,2,5,7
2062,2,5,7
2063,2,4,5
2064,2,9,8
2065,5,9,8
2066,2,9,8
2067,2,5,7
2068,2,0,5
2069,2,5,7
2070,2,5,7
2071,9,2,5
2072,5,3,9
2073,5,2,7
2074,5,2,9
2075,2,0,9
2076,2,5,7
2077,2,9,8
2078,2,5,7
2079,5,3,9
2080,2,7,9
2081,2,1,7
2082,2,9,8
2083,8,7,9
2084,2,7,1
2085,2,9,8
2086,2,5,1
2087,2,0,9
2088,2,5,7
2089,2,0,8
2090,8,2,7
2091,2,9,5
2092,5,9,4
2093,4,2,0
2094,2,1,0
2095,4,1,3
2096,2,5,4
2097,2,7,1
2098,5,9,8
2099,0,2,5
2100,1,2,4
2101,2,9,8
2102,2,5,1
2103,7,6,2
2104,7,6,2
2105,7,0,6
2106,2,0,1
2107,5,2,7
2108,2,1,5
2109,1,9,8
2110,7,2,0
2111,9,2,5
2112,0,7,2
2113,8,2,7
2114,2,4,8
2115,7,1,2
2116,0,6,4
2117,2,5,4
2118,2,9,8
2119,5,2,3
2120,0,5,2
2121,0,1,2
2122,5,1,9
2123,5,1,9
2124,5,2,9
2125,5,2,9
2126,7,2,0
2127,5,4,6
2128,5,1,4
2129,8,2,9
2130,5,2,3
2131,5,7,9
2132,8,1,2
2133,9,7,5
2134,5,1,4
2135,1,2,4
2136,2,5,7
2137,1,2,3
2138,2,9,5
2139,1,5,2
2140,1,2,5
2141,2,3,9
2142,2,5,9
2143,7,9,8
2144,5,2,7
2145,2,5,8
2146,2,9,8
2147,2,5,6
2148,2,5,8
2149,5,2,8
2150,2,5,1
2151,9,2,6
2152,0,2,1
2153,4,2,1
2154,5,4,2
2155,0,2,1
2156,0,7,5
2157,1,2,8
2158,7,9,5
2159,0,5,2
2160,0,7,5
2161,2,5,4
2162,3,9,5
2163,7,0,9
2164,5,2,9
2165,0,7,9
2166,1,9,8
2167,2,1,4
2168,3,9,7
2169,7,5,4
2170,5,7,2
2171,5,2,6
2172,2,7,9
2173,2,3,9
2174,5,3,9
2175,2,1,5
2176,1,2,9
2177,7,2,8
2178,2,9,8
2179,5,2,1
2180,5,3,9
2181,5,2,7
2182,2,9,8
2183,2,5,6
2184,1,5,9
2185,0,5,2
2186,5,9,8
2187,5,9,8
2188,4,0,6
2189,1,5,0
2190,3,7,9
2191,2,5,6
2192,1,5,2
2193,7,2,0
2194,1,2,6
2195,5,1,9
2196,7,6,1
2197,9,2,5
2198,9,8,3
2199,5,8,9
2200,1,5,2
2201,5,2,7
2202,9,8,7
2203,7,0,6
2204,5,1,9
2205,2,5,4
2206,3,1,2
2207,2,7,5
2208,2,9,5
2209,6,5,9
2210,5,2,1
2211,5,6,3
2212,5,2,7
2213,1,9,8
2214,3,9,8
2215,1,2,7
2216,7,2,5
2217,4,7,8
2218,2,9,8
2219,2,5,1
2220,3,7,5
2221,4,1,5
2222,5,1,9
2223,2,9,5
2224,5,1,4
2225,2,1,9
2226,1,0,5
2227,8,2,9
2228,4,9,8
2229,9,3,2
2230,5,2,7
2231,2,5,7
2232,5,1,4
2233,1,7,9
2234,2,4,9
2235,7,1,9
2236,0,5,7
2237,1,9,8
2238,2,8,9
2239,2,5,1
2240,1,2,5
2241,2,7,8
2242,5,1,9
2243,1,9,8
2244,1,9,8
2245,2,5,1
2246,1,9,8
2247,5,0,2
2248,1,2,9
2249,1,2,9
2250,1,2,0
2251,2,1,0
2252,4,1,5
2253,1,4,0
2254,1,9,8
2255,1,9,8
2256,7,1,0
2257,1,2,9
2258,1,2,9
2259,2,9,8
2260,1,4,0
2261,1,4,5
2262,9,8,7
2263,1,3,2
2264,1,2,9
2265,1,4,2
2266,1,0,9
2267,1,9,8
2268,1,8,2
2269,1,2,9
2270,1,0,9
2271,1,9,8
2272,1,0,2
2273,1,2,8
2274,7,9,5
2275,1,2,0
2276,2,1,4
2277,1,2,9
2278,1,0,9
2279,0,7,9
2280,2,9,8
2281,1,2,0
2282,2,6,5
2283,5,9,8
2284,0,5,2
2285,2,1,9
2286,9,3,5
2287,2,9,8
2288,2,1,7
2289,2,1,9
2290,1,9,8
2291,2,1,9
2292,1,2,6
2293,2,5,8
2294,1,9,5
2295,1,9,8
2296,2,0,7
2297,1,9,8
2298,2,4,3
2299,2,5,4
2300,2,9,1
2301,1,7,5
2302,5,9,8
2303,7,2,1
2304,5,8,7
2305,2,0,5
2306,2,5,7
2307,5,0,3
2308,2,5,6
2309,5,2,7
2310,7,2,0
2311,7,2,1
2312,2,9,8
2313,1,7,2
2314,0,7,2
2315,9,4,2
2316,7,9,8
2317,5,1,3
2318,9,2,5
2319,2,1,0
2320,2,1,9
2321,0,7,2
2322,7,2,1
2323,1,7,0
2324,9,2,5
2325,2,7,4
2326,4,2,7
2327,7,2,1
2328,1,5,9
2329,7,2,1
2330,2,3,1
2331,7,2,9
2332,1,7,0
2333,3,5,0
2334,2,1,5
2335,2,9,5
2336,2,7,4
2337,2,5,4
2338,2,8,7
2339,5,1,7
2340,9,4,1
2341,2,9,8
2342,2,7,1
2343,9,3,7
2344,7,2,1
2345,5,9,8
2346,2,7,4
2347,2,9,8
2348,7,2,8
2349,2,7,4
2350,0,4,5
2351,7,2,0
2352,5,9,2
2353,1,7,9
2354,5,2,7
2355,3,2,5
2356,5,2,1
2357,1,2,7
2358,2,9,8
2359,1,4,5
2360,5,8,0
2361,2,8,0
2362,2,5,6
2363,5,9,2
2364,2,5,7
2365,2,4,9
2366,9,0,8
2367,2,7,3
2368,2,0,6
2369,1,0,9
2370,5,1,4
2371,2,9,5
2372,1,2,0
2373,5,2,6
2374,5,9,8
2375,9,4,3
2376,1,2,9
2377,1,2,5
2378,9,3,2
2379,2,7,5
2380,5,7,2
2381,1,2,7
2382,1,4,2
2383,1,2,8
2384,1,2,5
2385,1,5,2
2386,1,2,9
2387,2,9,8
2388,2,9,8
2389,9,8,7
2390,1,2,3
2391,2,4,9
2392,2,7,5
2393,5,7,2
2394,2,9,8
2395,2,9,8
2396,2,5,6
2397,2,4,7
2398,2,0,7
2399,2,9,8
2400,0,7,2
2401,0,2,5
2402,7,8,6
2403,1,2,4
2404,5,9,8
2405,7,2,5
2406,7,9,0
2407,1,9,8
2408,4,7,5
2409,5,0,3
2410,5,2,3
2411,1,4,9
2412,2,1,5
2413,1,4,0
2414,5,2,8
2415,7,9,5
2416,7,0,4
2417,2,9,8
2418,1,2,8
2419,5,6,9
2420,1,9,8
2421,5,7,2
2422,1,2,8
2423,2,6,3
2424,2,9,4
2425,2,9,8
2426,2,0,5
2427,5,7,1
2428,7,1,6
2429,5,7,2
2430,5,6,9
2431,7,6,0
2432,5,2,1
2433,7,8,6
2434,5,2,9
2435,7,2,1
2436,2,9,8
2437,5,2,7
2438,1,9,8
2439,5,9,8
2440,5,7,2
2441,5,2,1
2442,5,7,4
2443,5,2,1
2444,4,2,0
2445,0,7,5
2446,0,7,2
2447,1,2,9
2448,1,9,8
2449,2,4,1
2450,1,2,7
2451,1,4,9
2452,1,4,9
2453,4,1,2
2454,4,1,2
2455,4,1,0
2456,4,1,9
2457,7,4,8
2458,5,2,9
2459,9,6,3
2460,1,2,4
2461,2,9,8
2462,1,9,8
2463,5,7,2
2464,4,1,9
2465,5,9,8
2466,1,9,8
2467,1,9,8
2468,4,1,5
2469,1,9,8
2470,1,2,9
2471,1,4,9
2472,2,7,5
2473,7,9,0
2474,2,0,7
2475,5,2,9
2476,4,5,9
2477,7,2,9
2478,2,5,6
2479,2,5,7
2480,4,1,5
2481,3,4,1
2482,5,9,8
2483,1,4,2
2484,4,1,2
2485,4,2,5
2486,2,7,4
2487,1,4,3
2488,5,2,3
2489,7,9,5
2490,4,5,8
2491,1,4,0
2492,1,9,8
2493,1,2,4
2494,5,9,8
2495,9,5,2
2496,1,2,0
2497,7,9,2
2498,2,0,7
2499,5,1,4
2500,9,0,5
2501,5,7,9
2502,5,7,2
2503,2,9,8
2504,9,2,5
2505,5,2,8
2506,1,7,6
2507,7,5,2
2508,9,8,7
2509,5,0,7
2510,7,9,1
2511,5,1,9
2512,2,9,8
2513,5,9,8
2514,9,3,5
2515,9,2,7
2516,1,2,9
2517,2,5,7
2518,7,9,1
2519,5,8,2
2520,2,6,9
2521,7,4,6
2522,5,2,7
2523,5,2,0
2524,2,6,9
2525,1,3,0
2526,1,9,8
2527,4,1,9
2528,2,9,8
2529,5,9,8
2530,1,0,3
2531,2,9,8
2532,5,7,6
2533,2,0,7
2534,5,7,2
2535,2,7,5
2536,5,9,8
2537,7,1,2
2538,1,4,9
2539,7,9,0
2540,9,3,8
2541,1,9,8
2542,9,2,7
2543,2,4,1
2544,2,5,4
2545,2,9,5
2546,7,9,8
2547,4,1,5
2548,7,2,9
2549,5,4,2
2550,5,2,7
2551,7,0,9
2552,5,2,3
2553,7,2,1
2554,2,4,1
2555,8,4,1
2556,2,9,8
2557,5,8,9
2558,2,9,8
2559,1,9,8
2560,2,3,9
2561,7,9,5
2562,9,8,7
2563,9,6,3
2564,2,1,0
2565,8,9,2
2566,1,9,8
2567,8,2,9
2568,5,0,8
2569,5,1,4
2570,2,8,7
2571,5,8,9
2572,7,4,8
2573,9,3,8
2574,2,7,9
2575,2,9,8
2576,0,7,1
2577,4,7,5
2578,1,7,9
2579,8,9,2
2580,9,4,8
2581,2,9,8
2582,6,7,4
2583,2,1,0
2584,2,3,1
2585,1,7,4
2586,7,0,6
2587,5,2,7
2588,5,2,1
2589,5,8,9
2590,7,4,5
2591,2,7,9
2592,1,9,8
2593,0,7,5
2594,1,5,4
2595,0,5,2
2596,4,9,8
2597,4,2,0
2598,5,7,1
2599,2,4,1
2600,8,1,9
2601,1,0,2
2602,4,2,5
2603,1,9,8
2604,4,5,9
2605,5,2,9
2606,8,9,7
2607,5,2,1
2608,5,0,2
2609,4,9,8
2610,4,9,8
2611,4,9,8
2612,4,1,5
2613,3,7,5
2614,7,2,5
2615,4,2,9
2616,9,5,1
2617,5,2,6
2618,2,9,5
2619,4,1,9
2620,4,2,5
2621,8,2,5
2622,2,5,6
2623,2,5,0
2624,1,2,9
2625,2,5,9
2626,4,2,0
2627,5,2,0
2628,4,0,7
2629,0,4,1
2630,2,0,9
2631,0,5,2
2632,2,1,8
2633,1,9,8
2634,2,5,7
2635,5,2,6
2636,4,0,5
2637,4,9,8
2638,1,2,3
2639,1,2,9
2640,4,2,9
2641,2,0,9
2642,0,2,9
2643,9,8,7
2644,1,4,9
2645,1,4,2
2646,1,4,0
2647,1,4,9
2648,1,9,8
2649,9,8,6
2650,1,5,7
2651,1,5,2
2652,1,9,8
2653,1,4,2
2654,1,2,9
2655,1,9,8
2656,1,8,2
2657,9,8,7
2658,2,4,1
2659,1,2,0
2660,1,9,8
2661,1,2,4
2662,1,9,8
2663,1,5,9
2664,2,1,6
2665,1,2,4
2666,1,4,2
2667,1,2,4
2668,1,3,2
2669,1,9,8
2670,1,9,8
2671,1,4,9
2672,1,0,4
2673,1,2,9
2674,2,5,4
2675,1,7,9
2676,1,2,0
2677,1,2,9
2678,1,4,2
2679,1,0,9
2680,2,5,0
2681,9,8,7
2682,5,8,9
2683,2,7,9
2684,1,4,2
2685,1,9,8
2686,1,2,5
2687,0,5,1
2688,1,0,4
2689,4,9,8
2690,5,2,7
2691,7,0,2
2692,2,7,0
2693,1,9,8
2694,1,4,5
2695,0,1,7
2696,4,5,7
2697,0,5,4
2698,7,2,9
2699,2,6,9
2700,5,9,8
2701,3,4,5
2702,5,1,4
2703,2,9,8
2704,7,9,8
2705,2,4,9
2706,1,5,2
2707,1,0,2
2708,2,1,4
2709,5,4,1
2710,1,7,0
2711,1,7,8
2712,2,1,4
2713,2,9,8
2714,5,1,9
2715,5,2,9
2716,4,9,8
2717,5,4,7
2718,5,1,4
2719,4,9,8
2720,9,1,2
2721,4,0,9
2722,1,9,8
2723,4,9,8
2724,2,6,5
2725,4,9,8
2726,7,4,9
2727,2,5,3
2728,2,1,8
2729,2,4,5
2730,4,9,8
2731,4,9,8
2732,2,5,9
2733,2,3,4
2734,5,2,4
2735,4,9,8
2736,5,2,0
2737,4,0,2
2738,4,9,8
2739,4,0,9
2740,4,0,3
2741,4,9,8
2742,5,0,6
2743,4,9,3
2744,4,9,8
2745,4,9,8
2746,4,0,9
2747,4,9,8
2748,4,9,8
2749,4,9,8
2750,2,9,8
2751,2,9,8
2752,5,1,4
2753,1,7,9
2754,5,0,2
2755,4,9,8
2756,4,2,0
2757,2,9,8
2758,1,2,9
2759,9,0,8
2760,2,1,4
2761,2,9,8
2762,4,9,8
2763,3,2,5
2764,2,5,1
2765,9,5,7
2766,4,7,1
2767,5,2,1
2768,1,7,9
2769,0,7,5
2770,4,9,8
2771,5,0,2
2772,1,0,9
2773,4,0,9
2774,8,0,5
2775,0,6,9
2776,4,9,8
2777,4,0,9
2778,2,5,7
2779,5,2,3
2780,1,5,3
2781,9,0,3
2782,1,2,4
2783,4,9,8
2784,0,2,5
2785,8,2,9
2786,5,2,3
2787,9,3,2
2788,1,2,4
2789,6,5,9
2790,9,2,7
2791,4,0,1
2792,7,2,4
2793,4,9,8
2794,2,9,8
2795,4,1,2
2796,2,9,8
2797,2,7,5
2798,5,7,2
2799,0,4,2
2800,9,8,7
2801,7,9,1
2802,4,0,1
2803,4,1,2
2804,1,4,9
2805,4,1,2
2806,4,1,0
2807,4,2,1
2808,4,7,1
2809,9,7,5
2810,9,5,1
2811,4,2,1
2812,1,4,6
2813,4,9,8
2814,4,0,1
2815,0,7,5
2816,8,1,9
2817,5,2,9
2818,4,9,8
2819,2,5,0
2820,2,7,5
2821,7,5,4
2822,7,9,0
2823,1,9,8
2824,7,9,3
2825,1,2,8
2826,5,9,8
2827,2,3,9
2828,0,5,2
2829,7,5,4
2830,2,7,1
2831,8,1,9
2832,5,1,9
2833,5,2,0
2834,2,7,5
2835,2,9,7
2836,2,0,3
2837,2,0,7
2838,2,7,9
2839,2,5,9
2840,2,0,9
2841,2,9,8
2842,2,9,8
2843,2,1,3
2844,2,1,9
2845,2,0,5
2846,7,0,8
2847,2,0,9
2848,1,0,7
2849,1,5,2
2850,2,0,6
2851,1,7,9
2852,7,4,2
2853,2,0,6
2854,4,9,8
2855,1,5,4
2856,7,0,2
2857,5,1,2
2858,1,4,9
2859,4,1,7
2860,4,1,9
2861,7,2,0
2862,2,3,6
2863,4,1,2
2864,7,9,0
2865,4,1,5
2866,3,5,1
2867,7,9,3
2868,4,2,1
2869,2,9,8
2870,5,2,3
2871,4,9,8
2872,2,9,8
2873,5,2,1
2874,5,7,2
2875,2,9,8
2876,6,2,5
2877,5,0,2
2878,5,4,9
2879,2,1,4
2880,4,2,7
2881,2,0,9
2882,2,3,9
2883,4,2,7
2884,2,0,9
2885,2,3,6
2886,4,9,8
2887,2,4,9
2888,9,2,8
2889,0,7,5
2890,2,5,0
2891,5,7,2
2892,2,9,8
2893,2,0,9
2894,4,2,5
2895,7,2,3
2896,2,4,5
2897,4,0,2
2898,2,5,1
2899,2,9,8
2900,9,3,8
2901,2,0,9
2902,4,2,7
2903,0,7,5
2904,8,3,0
2905,4,2,8
2906,4,9,8
2907,1,7,9
2908,5,3,9
2909,2,5,1
2910,7,3,1
2911,5,0,6
2912,2,1,5
2913,4,2,8
2914,4,3,0
2915,2,9,8
2916,7,5,4
2917,2,9,5
2918,2,9,5
2919,2,6,5
2920,1,2,7
2921,2,9,8
2922,9,3,8
2923,2,5,4
2924,6,2,7
2925,2,3,9
2926,4,2,1
2927,1,3,2
2928,5,2,7
2929,2,7,0
2930,4,2,7
2931,4,0,2
2932,2,6,7
2933,5,1,4
2934,9,3,2
2935,5,1,2
2936,6,5,2
2937,9,2,5
2938,7,6,9
2939,9,2,5
2940,1,2,7
2941,1,2,5
2942,5,2,3
2943,8,1,9
2944,8,4,0
2945,5,4,2
2946,2,5,4
2947,2,5,4
2948,4,1,9
2949,4,1,2
2950,4,1,9
2951,4,1,9
2952,4,1,9
2953,9,1,7
2954,4,1,9
2955,5,2,1
2956,4,7,0
2957,1,4,2
2958,2,9,8
2959,1,2,0
2960,4,9,8
2961,4,1,2
2962,4,0,9
2963,2,9,8
2964,4,9,8
2965,4,9,8
2966,2,5,4
2967,4,1,9
2968,5,1,9
2969,2,5,9
2970,5,2,6
2971,5,1,4
2972,4,9,8
2973,5,9,8
2974,1,7,9
2975,4,9,8
2976,4,9,8
2977,5,6,0
2978,5,9,8
2979,1,4,0
2980,6,0,9
2981,1,9,8
2982,1,8,2
2983,4,1,2
2984,1,7,9
2985,2,7,1
2986,4,2,9
2987,0,2,1
2988,8,1,6
2989,4,1,2
2990,1,2,7
2991,0,4,2
2992,6,5,8
2993,7,9,3
2994,9,8,7
2995,2,5,3
2996,5,2,7
2997,2,8,6
2998,1,7,2
2999,0,9,8
